a,b,theta,Rt,A2,E,E_p1,E_t,machine_type,status,file_name
6.0,7.2,65,2.2,0,-24.77751849440392,-3.520475427270867,-4.434141909965547,3,Done,naphthalene_theta=65_Rt=2.2_A2=0_a=6_b=7.2.log
6.0,7.2,65,2.2,1,-24.953599055530503,-3.5231442273943685,-4.476827650185442,3,Done,naphthalene_theta=65_Rt=2.2_A2=1_a=6_b=7.2.log
6.0,7.2,65,2.1,2,-25.11148684681393,-3.5310050451080315,-4.512369189149467,3,Done,naphthalene_theta=65_Rt=2.1_A2=2_a=6_b=7.2.log
6.0,7.2,65,2.1,3,-25.282955209258944,-3.543633056280669,-4.5489222741744015,3,Done,naphthalene_theta=65_Rt=2.1_A2=3_a=6_b=7.2.log
6.0,7.2,65,2.1,4,-25.434551585116424,-3.5603662379435264,-4.578454777307343,3,Done,naphthalene_theta=65_Rt=2.1_A2=4_a=6_b=7.2.log
6.0,7.2,65,2.0,5,-25.587072910857387,-3.5804183200816624,-4.606559067673516,3,Done,naphthalene_theta=65_Rt=2.0_A2=5_a=6_b=7.2.log
6.0,7.2,65,2.0,6,-25.734196395264007,-3.602928358770441,-4.632084919430781,3,Done,naphthalene_theta=65_Rt=2.0_A2=6_a=6_b=7.2.log
6.0,7.2,65,1.9,7,-25.857244831044227,-3.626928733778186,-4.650846840871964,3,Done,naphthalene_theta=65_Rt=1.9_A2=7_a=6_b=7.2.log
6.0,7.2,65,1.9,8,-25.99569612764753,-3.6515672864043154,-4.673140388709726,3,Done,naphthalene_theta=65_Rt=1.9_A2=8_a=6_b=7.2.log
6.0,7.2,65,1.9,9,-26.105804051971063,-3.675956090039108,-4.688472967973212,3,Done,naphthalene_theta=65_Rt=1.9_A2=9_a=6_b=7.2.log
5.9,7.1,65,2.2,0,-24.61100495106075,-3.559259310422931,-4.373121582553722,3,Done,naphthalene_theta=65_Rt=2.2_A2=0_a=5.9_b=7.1.log
5.9,7.2,65,2.2,0,-24.75054811500013,-3.559259310422931,-4.408007373538567,3,Done,naphthalene_theta=65_Rt=2.2_A2=0_a=5.9_b=7.2.log
5.9,7.3,65,2.2,0,-24.72395424102433,-3.559259310422931,-4.401358905044617,3,Done,naphthalene_theta=65_Rt=2.2_A2=0_a=5.9_b=7.3.log
6.0,7.1,65,2.2,0,-24.72390655009076,-3.520475427270867,-4.4207389238872565,3,Done,naphthalene_theta=65_Rt=2.2_A2=0_a=6_b=7.1.log
6.0,7.3,65,2.2,0,-24.68027954478748,-3.520475427270867,-4.409832172561437,3,Done,naphthalene_theta=65_Rt=2.2_A2=0_a=6_b=7.3.log
6.1,7.1,65,2.2,0,-24.5868420508923,-3.3911387136904523,-4.451141155877849,3,Done,naphthalene_theta=65_Rt=2.2_A2=0_a=6.1_b=7.1.log
6.1,7.2,65,2.2,0,-24.564590546535328,-3.3911387136904523,-4.445578279788606,3,Done,naphthalene_theta=65_Rt=2.2_A2=0_a=6.1_b=7.2.log
6.1,7.3,65,2.2,0,-24.405908327316865,-3.3911387136904523,-4.40590772498399,3,Done,naphthalene_theta=65_Rt=2.2_A2=0_a=6.1_b=7.3.log
5.9,7.1,65,2.2,1,-24.813276524306275,-3.563331850222312,-4.421653205965413,3,Done,naphthalene_theta=65_Rt=2.2_A2=1_a=5.9_b=7.1.log
5.9,7.2,65,2.2,1,-24.93791758071165,-3.563331850222312,-4.452813470066758,3,Done,naphthalene_theta=65_Rt=2.2_A2=1_a=5.9_b=7.2.log
5.9,7.3,65,2.2,1,-24.897889972897246,-3.563331850222312,-4.442806568113156,3,Done,naphthalene_theta=65_Rt=2.2_A2=1_a=5.9_b=7.3.log
6.0,7.1,65,2.2,1,-24.91361913853325,-3.5231442273943685,-4.466832670936128,3,Done,naphthalene_theta=65_Rt=2.2_A2=1_a=6_b=7.1.log
6.0,7.3,65,2.2,1,-24.84391783794854,-3.5231442273943685,-4.44940734578995,3,Done,naphthalene_theta=65_Rt=2.2_A2=1_a=6_b=7.3.log
6.1,7.1,65,2.2,1,-24.76413998112548,-3.3929151944466867,-4.494577398058027,3,Done,naphthalene_theta=65_Rt=2.2_A2=1_a=6.1_b=7.1.log
6.1,7.2,65,2.2,1,-24.72950142924674,-3.3929151944466867,-4.485917760088341,3,Done,naphthalene_theta=65_Rt=2.2_A2=1_a=6.1_b=7.2.log
6.1,7.3,65,2.2,1,-24.559353347751312,-3.3929151944466867,-4.443380739714485,3,Done,naphthalene_theta=65_Rt=2.2_A2=1_a=6.1_b=7.3.log
5.9,7.1,65,2.1,2,-24.89278580667451,-3.5753279589116573,-4.435532472212799,3,Done,naphthalene_theta=65_Rt=2.1_A2=2_a=5.9_b=7.1.log
5.9,7.2,65,2.1,2,-25.08081039285753,-3.5753279589116573,-4.482538618758554,3,Done,naphthalene_theta=65_Rt=2.1_A2=2_a=5.9_b=7.2.log
5.9,7.3,65,2.1,2,-25.091229568934068,-3.5753279589116573,-4.485143412777688,3,Done,naphthalene_theta=65_Rt=2.1_A2=2_a=5.9_b=7.3.log
6.0,7.1,65,2.1,2,-25.013015467557125,-3.5310050451080315,-4.4877513443352655,3,Done,naphthalene_theta=65_Rt=2.1_A2=2_a=6_b=7.1.log
6.0,7.3,65,2.1,2,-25.04770422016736,-3.5310050451080315,-4.496423532487825,3,Done,naphthalene_theta=65_Rt=2.1_A2=2_a=6_b=7.3.log
6.1,7.1,65,2.1,2,-24.88408726279158,-3.398158668074757,-4.521942481660517,3,Done,naphthalene_theta=65_Rt=2.1_A2=2_a=6.1_b=7.1.log
6.1,7.2,65,2.1,2,-24.902982843806967,-3.398158668074757,-4.526666376914363,3,Done,naphthalene_theta=65_Rt=2.1_A2=2_a=6.1_b=7.2.log
6.1,7.3,65,2.1,2,-24.77413245057687,-3.398158668074757,-4.49445377860684,3,Done,naphthalene_theta=65_Rt=2.1_A2=2_a=6.1_b=7.3.log
5.9,7.1,65,2.1,3,-25.09081164735835,-3.594630794075784,-4.475387514801696,3,Done,naphthalene_theta=65_Rt=2.1_A2=3_a=5.9_b=7.1.log
5.9,7.2,65,2.1,3,-25.27096474799328,-3.594630794075784,-4.520425789960427,3,Done,naphthalene_theta=65_Rt=2.1_A2=3_a=5.9_b=7.2.log
5.9,7.3,65,2.1,3,-25.27383121382445,-3.594630794075784,-4.521142406418221,3,Done,naphthalene_theta=65_Rt=2.1_A2=3_a=5.9_b=7.3.log
6.0,7.1,65,2.1,3,-25.19126846792642,-3.543633056280669,-4.526000588841271,3,Done,naphthalene_theta=65_Rt=2.1_A2=3_a=6_b=7.1.log
6.0,7.3,65,2.1,3,-25.2125360367354,-3.543633056280669,-4.531317481043516,3,Done,naphthalene_theta=65_Rt=2.1_A2=3_a=6_b=7.3.log
6.1,7.1,65,2.1,3,-25.046791820786893,-3.406614365288988,-4.5583907725522295,3,Done,naphthalene_theta=65_Rt=2.1_A2=3_a=6.1_b=7.1.log
6.1,7.2,65,2.1,3,-25.05996702075936,-3.406614365288988,-4.561684572545346,3,Done,naphthalene_theta=65_Rt=2.1_A2=3_a=6.1_b=7.2.log
6.1,7.3,65,2.1,3,-24.92531090497505,-3.406614365288988,-4.528020543599268,3,Done,naphthalene_theta=65_Rt=2.1_A2=3_a=6.1_b=7.3.log
5.9,7.1,65,2.1,4,-25.261311134207062,-3.620326073549222,-4.5051647467771545,3,Done,naphthalene_theta=65_Rt=2.1_A2=4_a=5.9_b=7.1.log
5.9,7.2,65,2.1,4,-25.442342749331143,-3.620326073549222,-4.550422650558176,3,Done,naphthalene_theta=65_Rt=2.1_A2=4_a=5.9_b=7.2.log
5.9,7.3,65,2.1,4,-25.444659515982494,-3.620326073549222,-4.551001842221012,3,Done,naphthalene_theta=65_Rt=2.1_A2=4_a=5.9_b=7.3.log
6.0,7.1,65,2.1,4,-25.3416223739041,-3.5603662379435264,-4.555222474504262,3,Done,naphthalene_theta=65_Rt=2.1_A2=4_a=6_b=7.1.log
6.0,7.3,65,2.1,4,-25.363916549249552,-3.5603662379435264,-4.560796018340625,3,Done,naphthalene_theta=65_Rt=2.1_A2=4_a=6_b=7.3.log
6.1,7.1,65,2.1,4,-25.18283849849832,-3.4178656195872463,-4.586776814830955,3,Done,naphthalene_theta=65_Rt=2.1_A2=4_a=6.1_b=7.1.log
6.1,7.2,65,2.1,4,-25.19769793550949,-3.4178656195872463,-4.590491674083751,3,Done,naphthalene_theta=65_Rt=2.1_A2=4_a=6.1_b=7.2.log
6.1,7.3,65,2.1,4,-25.06326521327719,-3.4178656195872463,-4.556883493525675,3,Done,naphthalene_theta=65_Rt=2.1_A2=4_a=6.1_b=7.3.log
5.9,7.1,65,2.0,5,-25.34371951268986,-3.6512215284165,-4.510319113964215,3,Done,naphthalene_theta=65_Rt=2.0_A2=5_a=5.9_b=7.1.log
5.9,7.2,65,2.0,5,-25.59241176582873,-3.6512215284165,-4.572492177248932,3,Done,naphthalene_theta=65_Rt=2.0_A2=5_a=5.9_b=7.2.log
5.9,7.3,65,2.0,5,-25.64841577818152,-3.6512215284165,-4.586493180337129,3,Done,naphthalene_theta=65_Rt=2.0_A2=5_a=5.9_b=7.3.log
6.0,7.1,65,2.0,5,-25.43167884415016,-3.5804183200816624,-4.567710550996708,3,Done,naphthalene_theta=65_Rt=2.0_A2=5_a=6_b=7.1.log
6.0,7.3,65,2.0,5,-25.565300823771395,-3.5804183200816624,-4.6011160459020175,3,Done,naphthalene_theta=65_Rt=2.0_A2=5_a=6_b=7.3.log
6.1,7.1,65,2.0,5,-25.286331213312224,-3.4313238266622648,-4.605920889996924,3,Done,naphthalene_theta=65_Rt=2.0_A2=5_a=6.1_b=7.1.log
6.1,7.2,65,2.0,5,-25.35849235311616,-3.4313238266622648,-4.623961174947908,3,Done,naphthalene_theta=65_Rt=2.0_A2=5_a=6.1_b=7.2.log
6.1,7.3,65,2.0,5,-25.26829908590298,-3.4313238266622648,-4.601412858144613,3,Done,naphthalene_theta=65_Rt=2.0_A2=5_a=6.1_b=7.3.log
5.9,7.1,65,2.0,6,-25.505865586339496,-3.685866355430335,-4.533533218869707,3,Done,naphthalene_theta=65_Rt=2.0_A2=6_a=5.9_b=7.1.log
5.9,7.2,65,2.0,6,-25.762173300841823,-3.685866355430335,-4.597610147495288,3,Done,naphthalene_theta=65_Rt=2.0_A2=6_a=5.9_b=7.2.log
5.9,7.3,65,2.0,6,-25.82354628865141,-3.685866355430335,-4.612953394447686,3,Done,naphthalene_theta=65_Rt=2.0_A2=6_a=5.9_b=7.3.log
6.0,7.1,65,2.0,6,-25.571131646516733,-3.602928358770441,-4.591318732243963,3,Done,naphthalene_theta=65_Rt=2.0_A2=6_a=6_b=7.1.log
6.0,7.3,65,2.0,6,-25.71747199865058,-3.602928358770441,-4.6279038202774245,3,Done,naphthalene_theta=65_Rt=2.0_A2=6_a=6_b=7.3.log
6.1,7.1,65,2.0,6,-25.41106765076984,-3.446444307512138,-4.62954475893639,3,Done,naphthalene_theta=65_Rt=2.0_A2=6_a=6.1_b=7.1.log
6.1,7.2,65,2.0,6,-25.49083170189988,-3.446444307512138,-4.649485771718901,3,Done,naphthalene_theta=65_Rt=2.0_A2=6_a=6.1_b=7.2.log
6.1,7.3,65,2.0,6,-25.40538743021898,-3.446444307512138,-4.628124703798676,3,Done,naphthalene_theta=65_Rt=2.0_A2=6_a=6.1_b=7.3.log
5.9,7.1,65,1.9,7,-25.558547561056912,-3.722778376250062,-4.528247702139197,3,Done,naphthalene_theta=65_Rt=1.9_A2=7_a=5.9_b=7.1.log
5.9,7.2,65,1.9,7,-25.885650953743607,-3.722778376250062,-4.610023550310871,3,Done,naphthalene_theta=65_Rt=1.9_A2=7_a=5.9_b=7.2.log
5.9,7.3,65,1.9,7,-26.004923034692183,-3.722778376250062,-4.639841570548015,3,Done,naphthalene_theta=65_Rt=1.9_A2=7_a=5.9_b=7.3.log
6.0,7.1,65,1.9,7,-25.627827175310813,-3.626928733778186,-4.59349242693861,3,Done,naphthalene_theta=65_Rt=1.9_A2=7_a=6_b=7.1.log
6.0,7.3,65,1.9,7,-25.894154969486408,-3.626928733778186,-4.660074375482509,3,Done,naphthalene_theta=65_Rt=1.9_A2=7_a=6_b=7.3.log
6.1,7.1,65,1.9,7,-25.479862827109173,-3.462715641886461,-4.638607885834063,3,Done,naphthalene_theta=65_Rt=1.9_A2=7_a=6.1_b=7.1.log
6.1,7.2,65,1.9,7,-25.62147677410394,-3.462715641886461,-4.674011372582754,3,Done,naphthalene_theta=65_Rt=1.9_A2=7_a=6.1_b=7.2.log
6.1,7.3,65,1.9,7,-25.58530458738096,-3.462715641886461,-4.664968325902009,3,Done,naphthalene_theta=65_Rt=1.9_A2=7_a=6.1_b=7.3.log
5.9,7.1,65,1.9,8,-25.707120593520813,-3.760415798518807,-4.5465722491208,3,Done,naphthalene_theta=65_Rt=1.9_A2=8_a=5.9_b=7.1.log
5.9,7.2,65,1.9,8,-26.04618181695696,-3.760415798518807,-4.631337554979837,3,Done,naphthalene_theta=65_Rt=1.9_A2=8_a=5.9_b=7.2.log
5.9,7.3,65,1.9,8,-26.17475359572564,-3.760415798518807,-4.663480499672005,3,Done,naphthalene_theta=65_Rt=1.9_A2=8_a=5.9_b=7.3.log
6.0,7.1,65,1.9,8,-25.75440849235747,-3.6515672864043154,-4.61281847988721,3,Done,naphthalene_theta=65_Rt=1.9_A2=8_a=6_b=7.1.log
6.0,7.3,65,1.9,8,-26.04163487954065,-3.6515672864043154,-4.684625076683005,3,Done,naphthalene_theta=65_Rt=1.9_A2=8_a=6_b=7.3.log
6.1,7.1,65,1.9,8,-25.593123361933976,-3.4796006809338,-4.658480500016594,3,Done,naphthalene_theta=65_Rt=1.9_A2=8_a=6.1_b=7.1.log
6.1,7.2,65,1.9,8,-25.74659724789672,-3.4796006809338,-4.696848971507279,3,Done,naphthalene_theta=65_Rt=1.9_A2=8_a=6.1_b=7.2.log
6.1,7.3,65,1.9,8,-25.7192001612857,-3.4796006809338,-4.689999699854525,3,Done,naphthalene_theta=65_Rt=1.9_A2=8_a=6.1_b=7.3.log
5.9,7.1,65,1.9,9,-25.814611801644787,-3.797149606340099,-4.555078147241147,3,Done,naphthalene_theta=65_Rt=1.9_A2=9_a=5.9_b=7.1.log
5.9,7.2,65,1.9,9,-26.173893907107413,-3.797149606340099,-4.644898673606804,3,Done,naphthalene_theta=65_Rt=1.9_A2=9_a=5.9_b=7.2.log
5.9,7.3,65,1.9,9,-26.31842954026069,-3.797149606340099,-4.681032581895124,3,Done,naphthalene_theta=65_Rt=1.9_A2=9_a=5.9_b=7.3.log
6.0,7.1,65,1.9,9,-25.84517906873953,-3.675956090039108,-4.623316722165328,3,Done,naphthalene_theta=65_Rt=1.9_A2=9_a=6_b=7.1.log
6.0,7.3,65,1.9,9,-26.166863285005093,-3.675956090039108,-4.703737776231719,3,Done,naphthalene_theta=65_Rt=1.9_A2=9_a=6_b=7.3.log
6.1,7.1,65,1.9,9,-25.674951921217144,-3.4966871507349424,-4.670394404936815,3,Done,naphthalene_theta=65_Rt=1.9_A2=9_a=6.1_b=7.1.log
6.1,7.2,65,1.9,9,-25.84709297399968,-3.4966871507349424,-4.713429668132449,3,Done,naphthalene_theta=65_Rt=1.9_A2=9_a=6.1_b=7.2.log
6.1,7.3,65,1.9,9,-25.834151208167896,-3.4966871507349424,-4.710194226674503,3,Done,naphthalene_theta=65_Rt=1.9_A2=9_a=6.1_b=7.3.log
6.0,7.2,65,1.8,10,-26.210063583450392,-3.6991739600198335,-4.702928915852681,3,Done,naphthalene_theta=65_Rt=1.8_A2=10_a=6_b=7.2.log
5.9,7.1,65,1.8,10,-25.846829420072027,-3.831512681557797,-4.545951014239108,3,Done,naphthalene_theta=65_Rt=1.8_A2=10_a=5.9_b=7.1.log
5.9,7.2,65,1.8,10,-26.27554927230813,-3.831512681557797,-4.653130977298133,3,Done,naphthalene_theta=65_Rt=1.8_A2=10_a=5.9_b=7.2.log
5.9,7.3,65,1.8,10,-26.476575865759514,-3.831512681557797,-4.70338762566098,3,Done,naphthalene_theta=65_Rt=1.8_A2=10_a=5.9_b=7.3.log
6.0,7.1,65,1.8,10,-25.88469713868108,-3.6991739600198335,-4.621587304660352,3,Done,naphthalene_theta=65_Rt=1.8_A2=10_a=6_b=7.1.log
6.0,7.3,65,1.8,10,-26.32344711048063,-3.6991739600198335,-4.73127479761024,3,Done,naphthalene_theta=65_Rt=1.8_A2=10_a=6_b=7.3.log
6.1,7.1,65,1.8,10,-25.728281485964544,-3.5135326566523872,-4.675304043164942,3,Done,naphthalene_theta=65_Rt=1.8_A2=10_a=6.1_b=7.1.log
6.1,7.2,65,1.8,10,-25.960708679864183,-3.5135326566523872,-4.733410841639852,3,Done,naphthalene_theta=65_Rt=1.8_A2=10_a=6.1_b=7.2.log
6.1,7.3,65,1.8,10,-25.99621319561265,-3.5135326566523872,-4.74228697057697,3,Done,naphthalene_theta=65_Rt=1.8_A2=10_a=6.1_b=7.3.log
6.0,7.2,65,1.8,11,-26.302222212194465,-3.720470394473523,-4.715320355811855,3,Done,naphthalene_theta=65_Rt=1.8_A2=11_a=6_b=7.2.log
5.9,7.1,65,1.8,11,-25.92177544953301,-3.862095636373851,-4.549396044196328,3,Done,naphthalene_theta=65_Rt=1.8_A2=11_a=5.9_b=7.1.log
5.9,7.2,65,1.8,11,-26.376356243737973,-3.862095636373851,-4.663041242747568,3,Done,naphthalene_theta=65_Rt=1.8_A2=11_a=5.9_b=7.2.log
5.9,7.3,65,1.8,11,-26.59746315714437,-3.862095636373851,-4.718317971099168,3,Done,naphthalene_theta=65_Rt=1.8_A2=11_a=5.9_b=7.3.log
6.0,7.1,65,1.8,11,-25.95263639150653,-3.720470394473523,-4.627923900639871,3,Done,naphthalene_theta=65_Rt=1.8_A2=11_a=6_b=7.1.log
6.0,7.3,65,1.8,11,-26.43405453313608,-3.720470394473523,-4.748278436047258,3,Done,naphthalene_theta=65_Rt=1.8_A2=11_a=6_b=7.3.log
6.1,7.1,65,1.8,11,-25.79429428302683,-3.5295925201498903,-4.683777310681762,3,Done,naphthalene_theta=65_Rt=1.8_A2=11_a=6.1_b=7.1.log
6.1,7.2,65,1.8,11,-26.04948000982404,-3.5295925201498903,-4.747573742381064,3,Done,naphthalene_theta=65_Rt=1.8_A2=11_a=6.1_b=7.2.log
6.1,7.3,65,1.8,11,-26.10205028729979,-3.5295925201498903,-4.760716311750002,3,Done,naphthalene_theta=65_Rt=1.8_A2=11_a=6.1_b=7.3.log
6.0,7.2,65,1.5,17,-26.249052034923807,-3.755171697412152,-4.684677160024876,3,Done,naphthalene_theta=65_Rt=1.5_A2=17_a=6_b=7.2.log
5.9,7.1,65,1.5,17,-25.28358773922082,-3.879662151332013,-4.381065859139198,3,Done,naphthalene_theta=65_Rt=1.5_A2=17_a=5.9_b=7.1.log
5.9,7.2,65,1.5,17,-26.12626338819973,-3.879662151332013,-4.591734771383926,3,Done,naphthalene_theta=65_Rt=1.5_A2=17_a=5.9_b=7.2.log
5.9,7.3,65,1.5,17,-26.6590494987322,-3.879662151332013,-4.724931299017044,3,Done,naphthalene_theta=65_Rt=1.5_A2=17_a=5.9_b=7.3.log
6.0,7.1,65,1.5,17,-25.54560579464305,-3.755171697412152,-4.508815599954687,3,Done,naphthalene_theta=65_Rt=1.5_A2=17_a=6_b=7.1.log
6.0,7.3,65,1.5,17,-26.66308815299999,-3.755171697412152,-4.7881861895439215,3,Done,naphthalene_theta=65_Rt=1.5_A2=17_a=6_b=7.3.log
6.1,7.1,65,1.5,17,-25.58578275004401,-3.580009183555376,-4.606441095733317,3,Done,naphthalene_theta=65_Rt=1.5_A2=17_a=6.1_b=7.1.log
6.1,7.2,65,1.5,17,-26.16443733149208,-3.580009183555376,-4.751104741095332,3,Done,naphthalene_theta=65_Rt=1.5_A2=17_a=6.1_b=7.2.log
6.1,7.3,65,1.5,17,-26.473167231539264,-3.580009183555376,-4.828287216107128,3,Done,naphthalene_theta=65_Rt=1.5_A2=17_a=6.1_b=7.3.log
6.0,7.2,65,1.5,18,-26.07057815080043,-3.7353875621338375,-4.649950756633189,3,Done,naphthalene_theta=65_Rt=1.5_A2=18_a=6_b=7.2.log
5.9,7.1,65,1.5,18,-24.947856083977968,-3.8413733735797,-4.316277334204642,3,Done,naphthalene_theta=65_Rt=1.5_A2=18_a=5.9_b=7.1.log
5.9,7.2,65,1.5,18,-25.87232138612308,-3.8413733735797,-4.547393659740919,3,Done,naphthalene_theta=65_Rt=1.5_A2=18_a=5.9_b=7.2.log
5.9,7.3,65,1.5,18,-26.47018028388265,-3.8413733735797,-4.696858384180814,3,Done,naphthalene_theta=65_Rt=1.5_A2=18_a=5.9_b=7.3.log
6.0,7.1,65,1.5,18,-25.294082216569223,-3.7353875621338375,-4.455826773075387,3,Done,naphthalene_theta=65_Rt=1.5_A2=18_a=6_b=7.1.log
6.0,7.3,65,1.5,18,-26.542224706849083,-3.7353875621338375,-4.767862395645352,3,Done,naphthalene_theta=65_Rt=1.5_A2=18_a=6_b=7.3.log
6.1,7.1,65,1.5,18,-25.40151318348944,-3.5735132000409067,-4.563621695851907,3,Done,naphthalene_theta=65_Rt=1.5_A2=18_a=6.1_b=7.1.log
6.1,7.2,65,1.5,18,-26.04528824274894,-3.5735132000409067,-4.724565460666781,3,Done,naphthalene_theta=65_Rt=1.5_A2=18_a=6.1_b=7.2.log
6.1,7.3,65,1.5,18,-26.40496693458408,-3.5735132000409067,-4.814485133625567,3,Done,naphthalene_theta=65_Rt=1.5_A2=18_a=6.1_b=7.3.log
5.8,7.2,65,2.1,4,-25.120933382306248,-3.5510282617178746,-4.504719214717625,3,Done,naphthalene_theta=65_Rt=2.1_A2=4_a=5.8_b=7.2.log
5.8,7.3,65,2.1,4,-25.205960987252183,-3.5510282617178746,-4.5259761159541085,3,Done,naphthalene_theta=65_Rt=2.1_A2=4_a=5.8_b=7.3.log
5.8,7.4,65,2.1,4,-25.132763201138005,-3.5510282617178746,-4.507676669425564,3,Done,naphthalene_theta=65_Rt=2.1_A2=4_a=5.8_b=7.4.log
5.9,7.4,65,2.1,4,-25.303176091518253,-3.620326073549222,-4.515630986104952,3,Done,naphthalene_theta=65_Rt=2.1_A2=4_a=5.9_b=7.4.log
6.0,7.4,65,2.1,4,-25.16296023677569,-3.5603662379435264,-4.510556940222159,3,Done,naphthalene_theta=65_Rt=2.1_A2=4_a=6.0_b=7.4.log
5.8,7.2,65,2.0,5,-25.27576770959422,-3.597753911279142,-4.520064971758984,3,Done,naphthalene_theta=65_Rt=2.0_A2=5_a=5.8_b=7.2.log
5.8,7.3,65,2.0,5,-25.41938466846477,-3.597753911279142,-4.555969211476622,3,Done,naphthalene_theta=65_Rt=2.0_A2=5_a=5.8_b=7.3.log
5.8,7.4,65,2.0,5,-25.39216077455785,-3.597753911279142,-4.549163237999892,3,Done,naphthalene_theta=65_Rt=2.0_A2=5_a=5.8_b=7.4.log
5.9,7.4,65,2.0,5,-25.54840072442312,-3.6512215284165,-4.56148941689753,3,Done,naphthalene_theta=65_Rt=2.0_A2=5_a=5.9_b=7.4.log
6.0,7.4,65,2.0,5,-25.401555854361504,-3.5804183200816624,-4.560179803549545,3,Done,naphthalene_theta=65_Rt=2.0_A2=5_a=6.0_b=7.4.log
5.8,7.2,65,2.0,6,-25.47806187358219,-3.650358074577525,-4.544336431106785,3,Done,naphthalene_theta=65_Rt=2.0_A2=6_a=5.8_b=7.2.log
5.8,7.3,65,2.0,6,-25.62729128159117,-3.650358074577525,-4.58164378310903,3,Done,naphthalene_theta=65_Rt=2.0_A2=6_a=5.8_b=7.3.log
5.8,7.4,65,2.0,6,-25.603960459819064,-3.650358074577525,-4.575811077666003,3,Done,naphthalene_theta=65_Rt=2.0_A2=6_a=5.8_b=7.4.log
5.9,7.4,65,2.0,6,-25.726919789332896,-3.685866355430335,-4.588796769618057,3,Done,naphthalene_theta=65_Rt=2.0_A2=6_a=5.9_b=7.4.log
6.0,7.4,65,2.0,6,-25.556696406682025,-3.602928358770441,-4.587709922285285,3,Done,naphthalene_theta=65_Rt=2.0_A2=6_a=6.0_b=7.4.log
5.8,7.2,65,1.9,7,-25.61234901333228,-3.706554105156101,-4.549810200755019,3,Done,naphthalene_theta=65_Rt=1.9_A2=7_a=5.8_b=7.2.log
5.8,7.3,65,1.9,7,-25.82368936121929,-3.706554105156101,-4.602645287726773,3,Done,naphthalene_theta=65_Rt=1.9_A2=7_a=5.8_b=7.3.log
5.8,7.4,65,1.9,7,-25.85054929938633,-3.706554105156101,-4.609360272268532,3,Done,naphthalene_theta=65_Rt=1.9_A2=7_a=5.8_b=7.4.log
5.9,7.4,65,1.9,7,-25.95438337931409,-3.722778376250062,-4.627206656703493,3,Done,naphthalene_theta=65_Rt=1.9_A2=7_a=5.9_b=7.4.log
6.0,7.4,65,1.9,7,-25.77530206518713,-3.626928733778186,-4.63036114940769,3,Done,naphthalene_theta=65_Rt=1.9_A2=7_a=6.0_b=7.4.log
5.8,7.2,65,1.9,8,-25.806119081098583,-3.763790547265671,-4.569634496641811,3,Done,naphthalene_theta=65_Rt=1.9_A2=8_a=5.8_b=7.2.log
5.8,7.3,65,1.9,8,-26.02712308324408,-3.763790547265671,-4.624885497178184,3,Done,naphthalene_theta=65_Rt=1.9_A2=8_a=5.8_b=7.3.log
5.8,7.4,65,1.9,8,-26.061565852258354,-3.763790547265671,-4.633496189431753,3,Done,naphthalene_theta=65_Rt=1.9_A2=8_a=5.8_b=7.4.log
5.9,7.4,65,1.9,8,-26.131252092891373,-3.760415798518807,-4.65260512396344,3,Done,naphthalene_theta=65_Rt=1.9_A2=8_a=5.9_b=7.4.log
6.0,7.4,65,1.9,8,-25.92931058979593,-3.6515672864043154,-4.656544004246825,3,Done,naphthalene_theta=65_Rt=1.9_A2=8_a=6.0_b=7.4.log
5.8,7.2,65,1.9,9,-25.962244824157096,-3.81952661293326,-4.580797899572644,3,Done,naphthalene_theta=65_Rt=1.9_A2=9_a=5.8_b=7.2.log
5.8,7.3,65,1.9,9,-26.20029701781459,-3.81952661293326,-4.640310947987018,3,Done,naphthalene_theta=65_Rt=1.9_A2=9_a=5.8_b=7.3.log
5.8,7.4,65,1.9,9,-26.248273922363296,-3.81952661293326,-4.652305174124194,3,Done,naphthalene_theta=65_Rt=1.9_A2=9_a=5.8_b=7.4.log
5.9,7.4,65,1.9,9,-26.28739038587082,-3.797149606340099,-4.673272793297656,3,Done,naphthalene_theta=65_Rt=1.9_A2=9_a=5.9_b=7.4.log
6.0,7.4,65,1.9,9,-26.066112789558247,-3.675956090039108,-4.678550152370008,3,Done,naphthalene_theta=65_Rt=1.9_A2=9_a=6.0_b=7.4.log
5.8,7.2,65,1.8,10,-26.070782719063573,-3.8713131307740696,-4.582039114378858,3,Done,naphthalene_theta=65_Rt=1.8_A2=10_a=5.8_b=7.2.log
5.8,7.3,65,1.8,10,-26.369768643635325,-3.8713131307740696,-4.6567855955217965,3,Done,naphthalene_theta=65_Rt=1.8_A2=10_a=5.8_b=7.3.log
5.8,7.4,65,1.8,10,-26.4668645208003,-3.8713131307740696,-4.68105956481304,3,Done,naphthalene_theta=65_Rt=1.8_A2=10_a=5.8_b=7.4.log
5.9,7.4,65,1.8,10,-26.490702371113,-3.831512681557797,-4.706919251999352,3,Done,naphthalene_theta=65_Rt=1.8_A2=10_a=5.9_b=7.4.log
6.0,7.4,65,1.8,10,-26.26419510645792,-3.6991739600198335,-4.7164617966045626,3,Done,naphthalene_theta=65_Rt=1.8_A2=10_a=6.0_b=7.4.log
5.8,7.2,65,1.8,11,-26.18765394669026,-3.916510793496855,-4.588658089924138,3,Done,naphthalene_theta=65_Rt=1.8_A2=11_a=5.8_b=7.2.log
5.8,7.3,65,1.8,11,-26.508600211003795,-3.916510793496855,-4.6688946560025215,3,Done,naphthalene_theta=65_Rt=1.8_A2=11_a=5.8_b=7.3.log
5.8,7.4,65,1.8,11,-26.622633838444017,-3.916510793496855,-4.697403062862577,3,Done,naphthalene_theta=65_Rt=1.8_A2=11_a=5.8_b=7.4.log
5.9,7.4,65,1.8,11,-26.62670512346085,-3.862095636373851,-4.725628462678287,3,Done,naphthalene_theta=65_Rt=1.8_A2=11_a=5.9_b=7.4.log
6.0,7.4,65,1.8,11,-26.38838435523212,-3.720470394473523,-4.736860891571268,3,Done,naphthalene_theta=65_Rt=1.8_A2=11_a=6.0_b=7.4.log
5.9,7.4,65,1.5,17,-26.933529902948067,-3.879662151332013,-4.79355140007101,3,Done,naphthalene_theta=65_Rt=1.5_A2=17_a=5.9_b=7.4.log
6.0,7.4,65,1.5,17,-26.83746565191541,-3.755171697412152,-4.831780564272776,3,Done,naphthalene_theta=65_Rt=1.5_A2=17_a=6_b=7.4.log
6.1,7.4,65,1.5,17,-26.559934294433333,-3.580009183555376,-4.849978981830645,3,Done,naphthalene_theta=65_Rt=1.5_A2=17_a=6.1_b=7.4.log
5.9,7.4,65,1.5,18,-26.79566972074099,-3.8413733735797,-4.778230743395397,3,Done,naphthalene_theta=65_Rt=1.5_A2=18_a=5.9_b=7.4.log
6.0,7.4,65,1.5,18,-26.761376299429685,-3.7353875621338375,-4.822650293790503,3,Done,naphthalene_theta=65_Rt=1.5_A2=18_a=6_b=7.4.log
6.1,7.4,65,1.5,18,-26.53100859327241,-3.5735132000409067,-4.845995548297651,3,Done,naphthalene_theta=65_Rt=1.5_A2=18_a=6.1_b=7.4.log
6.0,7.2,65,1.4,19,-25.810500356019475,-3.705395094119013,-4.5999275419453625,3,Done,naphthalene_theta=65_Rt=1.4_A2=19_a=6_b=7.2.log
5.9,7.1,65,1.4,19,-24.46815857454203,-3.788399606884923,-4.222839840193046,3,Done,naphthalene_theta=65_Rt=1.4_A2=19_a=5.9_b=7.1.log
5.9,7.2,65,1.4,19,-25.51140398962889,-3.788399606884923,-4.483651193964761,3,Done,naphthalene_theta=65_Rt=1.4_A2=19_a=5.9_b=7.2.log
5.9,7.3,65,1.4,19,-26.206948623759672,-3.788399606884923,-4.657537352497457,3,Done,naphthalene_theta=65_Rt=1.4_A2=19_a=5.9_b=7.3.log
6.0,7.1,65,1.4,19,-24.92593966959976,-3.705395094119013,-4.378787370340433,3,Done,naphthalene_theta=65_Rt=1.4_A2=19_a=6_b=7.1.log
6.0,7.3,65,1.4,19,-26.370339677785523,-3.705395094119013,-4.739887372386875,3,Done,naphthalene_theta=65_Rt=1.4_A2=19_a=6_b=7.3.log
6.1,7.1,65,1.4,19,-25.12596852274146,-3.5603241948992945,-4.501330033235718,3,Done,naphthalene_theta=65_Rt=1.4_A2=19_a=6.1_b=7.1.log
6.1,7.2,65,1.4,19,-25.86772801319603,-3.5603241948992945,-4.68676990584936,3,Done,naphthalene_theta=65_Rt=1.4_A2=19_a=6.1_b=7.2.log
6.1,7.3,65,1.4,19,-26.306814330630004,-3.5603241948992945,-4.796541485207854,3,Done,naphthalene_theta=65_Rt=1.4_A2=19_a=6.1_b=7.3.log
6.0,7.2,65,1.4,20,-25.47749585926067,-3.6650587513577193,-4.536844589136308,3,Done,naphthalene_theta=65_Rt=1.4_A2=20_a=6_b=7.2.log
5.9,7.1,65,1.4,20,-23.92129364982248,-3.720756539027207,-4.119945142942015,3,Done,naphthalene_theta=65_Rt=1.4_A2=20_a=5.9_b=7.1.log
5.9,7.2,65,1.4,20,-25.072285041911528,-3.720756539027207,-4.407692990964279,3,Done,naphthalene_theta=65_Rt=1.4_A2=20_a=5.9_b=7.2.log
5.9,7.3,65,1.4,20,-25.85571621695999,-3.720756539027207,-4.603550784726394,3,Done,naphthalene_theta=65_Rt=1.4_A2=20_a=5.9_b=7.3.log
6.0,7.1,65,1.4,20,-24.495676143327728,-3.6650587513577193,-4.291389660153072,3,Done,naphthalene_theta=65_Rt=1.4_A2=20_a=6_b=7.1.log
6.0,7.3,65,1.4,20,-26.11586429248564,-3.6650587513577193,-4.69643669744255,3,Done,naphthalene_theta=65_Rt=1.4_A2=20_a=6_b=7.3.log
6.1,7.1,65,1.4,20,-24.79160232900176,-3.5400449541630223,-4.427878105168929,3,Done,naphthalene_theta=65_Rt=1.4_A2=20_a=6.1_b=7.1.log
6.1,7.2,65,1.4,20,-25.62064344040118,-3.5400449541630223,-4.635138383018784,3,Done,naphthalene_theta=65_Rt=1.4_A2=20_a=6.1_b=7.2.log
6.1,7.3,65,1.4,20,-26.12955907045398,-3.5400449541630223,-4.762367290531984,3,Done,naphthalene_theta=65_Rt=1.4_A2=20_a=6.1_b=7.3.log
5.8,7.5,65,1.8,10,-26.3988298868062,-3.8713131307740696,-4.664050906314515,3,Done,naphthalene_theta=65_Rt=1.8_A2=10_a=5.8_b=7.5.log
5.9,7.5,65,1.8,10,-26.35328270110768,-3.831512681557797,-4.67256433449802,3,Done,naphthalene_theta=65_Rt=1.8_A2=10_a=5.9_b=7.5.log
6.0,7.5,65,1.8,10,-26.06624582153745,-3.6991739600198335,-4.666974475374445,3,Done,naphthalene_theta=65_Rt=1.8_A2=10_a=6.0_b=7.5.log
5.8,7.5,65,1.8,11,-26.56734518741723,-3.916510793496855,-4.683580900105881,3,Done,naphthalene_theta=65_Rt=1.8_A2=11_a=5.8_b=7.5.log
5.9,7.5,65,1.8,11,-26.50034719961696,-3.862095636373851,-4.694038981717313,3,Done,naphthalene_theta=65_Rt=1.8_A2=11_a=5.9_b=7.5.log
6.0,7.5,65,1.8,11,-26.20013637561351,-3.720470394473523,-4.689798896666616,3,Done,naphthalene_theta=65_Rt=1.8_A2=11_a=6.0_b=7.5.log
5.8,7.3,65,1.5,17,-26.379897910170257,-3.918277861725073,-4.635835546680028,3,Done,naphthalene_theta=65_Rt=1.5_A2=17_a=5.8_b=7.3.log
5.8,7.4,65,1.5,17,-26.767822082270868,-3.918277861725073,-4.73281658970518,3,Done,naphthalene_theta=65_Rt=1.5_A2=17_a=5.8_b=7.4.log
5.8,7.5,65,1.5,17,-26.925447574118152,-3.918277861725073,-4.772222962667001,3,Done,naphthalene_theta=65_Rt=1.5_A2=17_a=5.8_b=7.5.log
5.9,7.5,65,1.5,17,-26.99569857364986,-3.879662151332013,-4.809093567746459,3,Done,naphthalene_theta=65_Rt=1.5_A2=17_a=5.9_b=7.5.log
6.0,7.5,65,1.5,17,-26.81651183811482,-3.755171697412152,-4.826542110822629,3,Done,naphthalene_theta=65_Rt=1.5_A2=17_a=6.0_b=7.5.log
5.8,7.3,65,1.5,18,-26.10697749594692,-3.85614621406421,-4.598671266954625,3,Done,naphthalene_theta=65_Rt=1.5_A2=18_a=5.8_b=7.3.log
5.8,7.4,65,1.5,18,-26.55285849154461,-3.85614621406421,-4.710141515854048,3,Done,naphthalene_theta=65_Rt=1.5_A2=18_a=5.8_b=7.4.log
5.8,7.5,65,1.5,18,-26.75563207268715,-3.85614621406421,-4.760834911139682,3,Done,naphthalene_theta=65_Rt=1.5_A2=18_a=5.8_b=7.5.log
5.9,7.5,65,1.5,18,-26.89711800729856,-3.8413733735797,-4.80359281503479,3,Done,naphthalene_theta=65_Rt=1.5_A2=18_a=5.9_b=7.5.log
6.0,7.5,65,1.5,18,-26.77453643910121,-3.7353875621338375,-4.825940328708384,3,Done,naphthalene_theta=65_Rt=1.5_A2=18_a=6.0_b=7.5.log
5.9,7.4,65,1.4,19,-26.611413959413767,-3.788399606884923,-4.75865368641098,3,Done,naphthalene_theta=65_Rt=1.4_A2=19_a=5.9_b=7.4.log
6.0,7.4,65,1.4,19,-26.6602442774456,-3.705395094119013,-4.812363522301894,3,Done,naphthalene_theta=65_Rt=1.4_A2=19_a=6_b=7.4.log
6.1,7.4,65,1.4,19,-26.49605126632377,-3.5603241948992945,-4.8438507191312965,3,Done,naphthalene_theta=65_Rt=1.4_A2=19_a=6.1_b=7.4.log
6.0,7.4,65,1.4,20,-26.468160956632342,-3.6650587513577193,-4.784510863479227,3,Done,naphthalene_theta=65_Rt=1.4_A2=20_a=6.0_b=7.4.log
6.1,7.4,65,1.4,20,-26.37382612342481,-3.5400449541630223,-4.82343405377469,3,Done,naphthalene_theta=65_Rt=1.4_A2=20_a=6.1_b=7.4.log
6.2,7.2,65,1.4,20,-25.564767440082505,-3.3708707681507803,-4.705756475945236,3,Done,naphthalene_theta=65_Rt=1.4_A2=20_a=6.2_b=7.2.log
6.2,7.3,65,1.4,20,-25.958994322572835,-3.3708707681507803,-4.8043131965678185,3,Done,naphthalene_theta=65_Rt=1.4_A2=20_a=6.2_b=7.3.log
6.2,7.4,65,1.4,20,-26.10885877080728,-3.3708707681507803,-4.841779308626428,3,Done,naphthalene_theta=65_Rt=1.4_A2=20_a=6.2_b=7.4.log
5.8,7.6,65,1.5,17,-26.8953095235629,-3.918277861725073,-4.7646884500281885,3,Done,naphthalene_theta=65_Rt=1.5_A2=17_a=5.8_b=7.6.log
5.9,7.6,65,1.5,17,-26.886484223185107,-3.879662151332013,-4.78178998013027,3,Done,naphthalene_theta=65_Rt=1.5_A2=17_a=5.9_b=7.6.log
6.0,7.6,65,1.5,17,-26.6394925218774,-3.755172324948944,-4.782286967994878,3,Done,naphthalene_theta=65_Rt=1.5_A2=17_a=6.0_b=7.6.log
5.8,7.6,65,1.5,18,-26.759924240992405,-3.85614621406421,-4.761907953215996,3,Done,naphthalene_theta=65_Rt=1.5_A2=18_a=5.8_b=7.6.log
5.9,7.6,65,1.5,18,-26.81746439798735,-3.8413733735797,-4.783679412706988,3,Done,naphthalene_theta=65_Rt=1.5_A2=18_a=5.9_b=7.6.log
6.0,7.6,65,1.5,18,-26.622857231996026,-3.7353875621338375,-4.788020526932087,3,Done,naphthalene_theta=65_Rt=1.5_A2=18_a=6.0_b=7.6.log
5.9,7.5,65,1.4,19,-26.775610735989176,-3.788399606884923,-4.7997028805548325,3,Done,naphthalene_theta=65_Rt=1.4_A2=19_a=5.9_b=7.5.log
6.0,7.5,65,1.4,19,-26.729097184725106,-3.705395094119013,-4.82957674912177,3,Done,naphthalene_theta=65_Rt=1.4_A2=19_a=6_b=7.5.log
6.1,7.5,65,1.4,19,-26.48232887755148,-3.5603241948992945,-4.840420121938223,3,Done,naphthalene_theta=65_Rt=1.4_A2=19_a=6.1_b=7.5.log
5.9,7.4,65,1.4,20,-26.33060574484989,-3.720756539027207,-4.722273166698869,3,Done,naphthalene_theta=65_Rt=1.4_A2=20_a=5.9_b=7.4.log
5.9,7.5,65,1.4,20,-26.5503848468652,-3.720756539027207,-4.777217942202697,3,Done,naphthalene_theta=65_Rt=1.4_A2=20_a=5.9_b=7.5.log
6.0,7.5,65,1.4,20,-26.58578394097276,-3.6650587513577193,-4.81391660956433,3,Done,naphthalene_theta=65_Rt=1.4_A2=20_a=6.0_b=7.5.log
6.1,7.5,65,1.4,20,-26.4026890732348,-3.5400449541630223,-4.830649791227188,3,Done,naphthalene_theta=65_Rt=1.4_A2=20_a=6.1_b=7.5.log
5.8,7.4,65,1.4,19,-26.2679877767805,-3.773867730342317,-4.680063079023967,3,Done,naphthalene_theta=65_Rt=1.4_A2=19_a=5.8_b=7.4.log
5.8,7.5,65,1.4,19,-26.5411880601896,-3.773867730342317,-4.748363149876241,3,Done,naphthalene_theta=65_Rt=1.4_A2=19_a=5.8_b=7.5.log
5.8,7.6,65,1.4,19,-26.600864261272363,-3.773867730342317,-4.763282200146932,3,Done,naphthalene_theta=65_Rt=1.4_A2=19_a=5.8_b=7.6.log
5.9,7.6,65,1.4,19,-26.744747284217738,-3.788399606884923,-4.791987017611973,3,Done,naphthalene_theta=65_Rt=1.4_A2=19_a=5.9_b=7.6.log
6.0,7.6,65,1.4,19,-26.620179019053467,-3.705395094119013,-4.8023472077038605,3,Done,naphthalene_theta=65_Rt=1.4_A2=19_a=6.0_b=7.6.log
5.9,7.6,65,1.4,20,-26.562448099488392,-3.720756539027207,-4.780233755358495,3,Done,naphthalene_theta=65_Rt=1.4_A2=20_a=5.9_b=7.6.log
6.0,7.6,65,1.4,20,-26.51407711824868,-3.6650587513577193,-4.79598990388331,3,Done,naphthalene_theta=65_Rt=1.4_A2=20_a=6.0_b=7.6.log
6.1,7.6,65,1.4,20,-26.25940093013924,-3.5400449541630223,-4.794827755453298,3,Done,naphthalene_theta=65_Rt=1.4_A2=20_a=6.1_b=7.6.log
6.0,7.2,65,1.7,12,-26.36101864418015,-3.739135679381434,-4.72068682135432,3,Done,naphthalene_theta=65_Rt=1.7_A2=12_a=6_b=7.2.log
6.0,7.2,65,1.7,13,-26.42221341945697,-3.754095517797396,-4.728505595965544,3,Done,naphthalene_theta=65_Rt=1.7_A2=13_a=6_b=7.2.log
6.0,7.2,65,1.7,14,-26.42766397120431,-3.76418901613215,-4.724821484735003,3,Done,naphthalene_theta=65_Rt=1.7_A2=14_a=6_b=7.2.log
6.0,7.2,65,1.6,15,-26.42552039702423,-3.768531385285314,-4.7221144066134,3,Done,naphthalene_theta=65_Rt=1.6_A2=15_a=6_b=7.2.log
6.0,7.2,65,1.6,16,-26.358656696625985,-3.7658701153704897,-4.706729116471252,3,Done,naphthalene_theta=65_Rt=1.6_A2=16_a=6_b=7.2.log
5.9,7.1,65,1.7,12,-25.89357891504187,-3.887300830509048,-4.529744313505944,3,Done,naphthalene_theta=65_Rt=1.7_A2=12_a=5.9_b=7.1.log
5.9,7.2,65,1.7,12,-26.42114163225051,-3.887300830509048,-4.661634992808104,3,Done,naphthalene_theta=65_Rt=1.7_A2=12_a=5.9_b=7.2.log
5.9,7.3,65,1.7,12,-26.70211801980622,-3.887300830509048,-4.731879089697031,3,Done,naphthalene_theta=65_Rt=1.7_A2=12_a=5.9_b=7.3.log
6.0,7.1,65,1.7,12,-25.943363048369065,-3.739135679381434,-4.616272922401549,3,Done,naphthalene_theta=65_Rt=1.7_A2=12_a=6_b=7.1.log
6.0,7.3,65,1.7,12,-26.54835547984112,-3.739135679381434,-4.767521030269563,3,Done,naphthalene_theta=65_Rt=1.7_A2=12_a=6_b=7.3.log
6.1,7.1,65,1.7,12,-25.80595843878109,-3.544459486962296,-4.6792598662141245,3,Done,naphthalene_theta=65_Rt=1.7_A2=12_a=6.1_b=7.1.log
6.1,7.2,65,1.7,12,-26.124668257543817,-3.544459486962296,-4.758937320904806,3,Done,naphthalene_theta=65_Rt=1.7_A2=12_a=6.1_b=7.2.log
6.1,7.3,65,1.7,12,-26.228636624640785,-3.544459486962296,-4.784929412679048,3,Done,naphthalene_theta=65_Rt=1.7_A2=12_a=6.1_b=7.3.log
5.9,7.1,65,1.7,13,-25.914545279112644,-3.905552586424165,-4.525860026566079,3,Done,naphthalene_theta=65_Rt=1.7_A2=13_a=5.9_b=7.1.log
5.9,7.2,65,1.7,13,-26.475177773507312,-3.905552586424165,-4.666018150164746,3,Done,naphthalene_theta=65_Rt=1.7_A2=13_a=5.9_b=7.2.log
5.9,7.3,65,1.7,13,-26.78169883834198,-3.905552586424165,-4.742648416373413,3,Done,naphthalene_theta=65_Rt=1.7_A2=13_a=5.9_b=7.3.log
6.0,7.1,65,1.7,13,-25.97432690206915,-3.754095517797396,-4.61653396661859,3,Done,naphthalene_theta=65_Rt=1.7_A2=13_a=6_b=7.1.log
6.0,7.3,65,1.7,13,-26.63261250255164,-3.754095517797396,-4.781105366739212,3,Done,naphthalene_theta=65_Rt=1.7_A2=13_a=6_b=7.3.log
6.1,7.1,65,1.7,13,-25.84617053461261,-3.557775876717642,-4.682654695294332,3,Done,naphthalene_theta=65_Rt=1.7_A2=13_a=6.1_b=7.1.log
6.1,7.2,65,1.7,13,-26.19278948823921,-3.557775876717642,-4.769309433700983,3,Done,naphthalene_theta=65_Rt=1.7_A2=13_a=6.1_b=7.2.log
6.1,7.3,65,1.7,13,-26.317784460261464,-3.557775876717642,-4.800558176706545,3,Done,naphthalene_theta=65_Rt=1.7_A2=13_a=6.1_b=7.3.log
5.9,7.1,65,1.7,14,-25.85566476068925,-3.915404493396636,-4.506213943473995,3,Done,naphthalene_theta=65_Rt=1.7_A2=14_a=5.9_b=7.1.log
5.9,7.2,65,1.7,14,-26.46144283458125,-3.915404493396636,-4.657658461946994,3,Done,naphthalene_theta=65_Rt=1.7_A2=14_a=5.9_b=7.2.log
5.9,7.3,65,1.7,14,-26.803378053708,-3.915404493396636,-4.743142266728682,3,Done,naphthalene_theta=65_Rt=1.7_A2=14_a=5.9_b=7.3.log
6.0,7.1,65,1.7,14,-25.938813600922003,-3.76418901613215,-4.602608892164426,3,Done,naphthalene_theta=65_Rt=1.7_A2=14_a=6_b=7.1.log
6.0,7.3,65,1.7,14,-26.669933032244444,-3.76418901613215,-4.785388749995036,3,Done,naphthalene_theta=65_Rt=1.7_A2=14_a=6_b=7.3.log
6.1,7.1,65,1.7,14,-25.83085301530081,-3.568859585793689,-4.67328346092836,3,Done,naphthalene_theta=65_Rt=1.7_A2=14_a=6.1_b=7.1.log
6.1,7.2,65,1.7,14,-26.21491423586849,-3.568859585793689,-4.769298766070278,3,Done,naphthalene_theta=65_Rt=1.7_A2=14_a=6.1_b=7.2.log
6.1,7.3,65,1.7,14,-26.3688474589726,-3.568859585793689,-4.8077820718463045,3,Done,naphthalene_theta=65_Rt=1.7_A2=14_a=6.1_b=7.3.log
5.9,7.1,65,1.6,15,-25.73167506000027,-3.915495482331608,-4.475171023834264,3,Done,naphthalene_theta=65_Rt=1.6_A2=15_a=5.9_b=7.1.log
5.9,7.2,65,1.6,15,-26.417621301254258,-3.915495482331608,-4.646657584147761,3,Done,naphthalene_theta=65_Rt=1.6_A2=15_a=5.9_b=7.2.log
5.9,7.3,65,1.6,15,-26.82453141559381,-3.915495482331608,-4.748385112732649,3,Done,naphthalene_theta=65_Rt=1.6_A2=15_a=5.9_b=7.3.log
6.0,7.1,65,1.6,15,-25.863540011108853,-3.768531385285314,-4.581619310134556,3,Done,naphthalene_theta=65_Rt=1.6_A2=15_a=6_b=7.1.log
6.0,7.3,65,1.6,15,-26.72676284762565,-3.768531385285314,-4.797425019263756,3,Done,naphthalene_theta=65_Rt=1.6_A2=15_a=6_b=7.3.log
6.1,7.1,65,1.6,15,-25.79771044757217,-3.576886693830602,-4.660984264977742,3,Done,naphthalene_theta=65_Rt=1.6_A2=15_a=6.1_b=7.1.log
6.1,7.2,65,1.6,15,-26.248611523071304,-3.576886693830602,-4.773709533852525,3,Done,naphthalene_theta=65_Rt=1.6_A2=15_a=6.1_b=7.2.log
6.1,7.3,65,1.6,15,-26.456206891220063,-3.576886693830602,-4.825608375889715,3,Done,naphthalene_theta=65_Rt=1.6_A2=15_a=6.1_b=7.3.log
5.9,7.1,65,1.6,16,-25.55963691824581,-3.903993223968428,-4.43791261757724,3,Done,naphthalene_theta=65_Rt=1.6_A2=16_a=5.9_b=7.1.log
5.9,7.2,65,1.6,16,-26.30594711157028,-3.903993223968428,-4.624490165908355,3,Done,naphthalene_theta=65_Rt=1.6_A2=16_a=5.9_b=7.2.log
5.9,7.3,65,1.6,16,-26.76033463259228,-3.903993223968428,-4.738087046163855,3,Done,naphthalene_theta=65_Rt=1.6_A2=16_a=5.9_b=7.3.log
6.0,7.1,65,1.6,16,-25.74265020992607,-3.7658701153704897,-4.552727494796272,3,Done,naphthalene_theta=65_Rt=1.6_A2=16_a=6_b=7.1.log
6.0,7.3,65,1.6,16,-26.70195988751948,-3.7658701153704897,-4.792554914194625,3,Done,naphthalene_theta=65_Rt=1.6_A2=16_a=6_b=7.3.log
6.1,7.1,65,1.6,16,-25.717643936513923,-3.580805493751541,-4.63900823725271,3,Done,naphthalene_theta=65_Rt=1.6_A2=16_a=6.1_b=7.1.log
6.1,7.2,65,1.6,16,-26.216963683487847,-3.580805493751541,-4.763838173996192,3,Done,naphthalene_theta=65_Rt=1.6_A2=16_a=6.1_b=7.2.log
6.1,7.3,65,1.6,16,-26.461913467152044,-3.580805493751541,-4.825075619912241,3,Done,naphthalene_theta=65_Rt=1.6_A2=16_a=6.1_b=7.3.log
5.8,7.2,65,1.7,12,-26.22352743824013,-3.9525537129375152,-4.579605003091274,3,Done,naphthalene_theta=65_Rt=1.7_A2=12_a=5.8_b=7.2.log
5.8,7.3,65,1.7,12,-26.60908715252299,-3.9525537129375152,-4.6759949316619895,3,Done,naphthalene_theta=65_Rt=1.7_A2=12_a=5.8_b=7.3.log
5.8,7.4,65,1.7,12,-26.77548021415714,-3.9525537129375152,-4.717593197070528,3,Done,naphthalene_theta=65_Rt=1.7_A2=12_a=5.8_b=7.4.log
5.9,7.4,65,1.7,12,-26.779507573344745,-3.887300830509048,-4.751226478081662,3,Done,naphthalene_theta=65_Rt=1.7_A2=12_a=5.9_b=7.4.log
6.0,7.4,65,1.7,12,-26.54690216644667,-3.739135679381434,-4.767157701920951,3,Done,naphthalene_theta=65_Rt=1.7_A2=12_a=6.0_b=7.4.log
5.8,7.2,65,1.7,13,-26.27228371007368,-3.977116336871404,-4.579512759082718,3,Done,naphthalene_theta=65_Rt=1.7_A2=13_a=5.8_b=7.2.log
5.8,7.3,65,1.7,13,-26.68641269975342,-3.977116336871404,-4.6830450065026525,3,Done,naphthalene_theta=65_Rt=1.7_A2=13_a=5.8_b=7.3.log
5.8,7.4,65,1.7,13,-26.874452346586622,-3.977116336871404,-4.7300549182109535,3,Done,naphthalene_theta=65_Rt=1.7_A2=13_a=5.8_b=7.4.log
5.9,7.4,65,1.7,13,-26.87811449484434,-3.905552586424165,-4.766752330499003,3,Done,naphthalene_theta=65_Rt=1.7_A2=13_a=5.9_b=7.4.log
6.0,7.4,65,1.7,13,-26.64804673835169,-3.754095517797396,-4.784963925689226,3,Done,naphthalene_theta=65_Rt=1.7_A2=13_a=6.0_b=7.4.log
5.8,7.2,65,1.7,14,-26.23716950567905,-3.987975397321861,-4.565304677758832,3,Done,naphthalene_theta=65_Rt=1.7_A2=14_a=5.8_b=7.2.log
5.8,7.3,65,1.7,14,-26.690919476328418,-3.987975397321861,-4.678742170421174,3,Done,naphthalene_theta=65_Rt=1.7_A2=14_a=5.8_b=7.3.log
5.8,7.4,65,1.7,14,-26.90953643026296,-3.987975397321861,-4.7333964089048095,3,Done,naphthalene_theta=65_Rt=1.7_A2=14_a=5.8_b=7.4.log
5.9,7.4,65,1.7,14,-26.926814290811308,-3.915404493396636,-4.774001326004509,3,Done,naphthalene_theta=65_Rt=1.7_A2=14_a=5.9_b=7.4.log
6.0,7.4,65,1.7,14,-26.709471182199195,-3.76418901613215,-4.795273287483724,3,Done,naphthalene_theta=65_Rt=1.7_A2=14_a=6.0_b=7.4.log
5.8,7.2,65,1.6,15,-26.14514892920852,-3.983191261184402,-4.544691601709928,3,Done,naphthalene_theta=65_Rt=1.6_A2=15_a=5.8_b=7.2.log
5.8,7.3,65,1.6,15,-26.6705956828082,-3.983191261184402,-4.676053290109849,3,Done,naphthalene_theta=65_Rt=1.6_A2=15_a=5.8_b=7.3.log
5.8,7.4,65,1.6,15,-26.946680002263747,-3.983191261184402,-4.745074369973736,3,Done,naphthalene_theta=65_Rt=1.6_A2=15_a=5.8_b=7.4.log
5.9,7.4,65,1.6,15,-26.999669456738047,-3.915495482331608,-4.792169623018708,3,Done,naphthalene_theta=65_Rt=1.6_A2=15_a=5.9_b=7.4.log
6.0,7.4,65,1.6,15,-26.81291495054029,-3.768531385285314,-4.818963044992415,3,Done,naphthalene_theta=65_Rt=1.6_A2=15_a=6.0_b=7.4.log
5.8,7.2,65,1.6,16,-25.97802293568384,-3.9603486420819536,-4.514331412879983,3,Done,naphthalene_theta=65_Rt=1.6_A2=16_a=5.8_b=7.2.log
5.8,7.3,65,1.6,16,-26.55705653340556,-3.9603486420819536,-4.6590898123104125,3,Done,naphthalene_theta=65_Rt=1.6_A2=16_a=5.8_b=7.3.log
5.8,7.4,65,1.6,16,-26.874909173347987,-3.960349269618746,-4.738552658527624,3,Done,naphthalene_theta=65_Rt=1.6_A2=16_a=5.8_b=7.4.log
5.9,7.4,65,1.6,16,-26.972011325880885,-3.903993223968428,-4.791006219486008,3,Done,naphthalene_theta=65_Rt=1.6_A2=16_a=5.9_b=7.4.log
6.0,7.4,65,1.6,16,-26.82012253056746,-3.7658701153704897,-4.82209557495662,3,Done,naphthalene_theta=65_Rt=1.6_A2=16_a=6.0_b=7.4.log
5.8,7.5,65,1.7,12,-26.76183563680388,-3.9525537129375152,-4.7141820527322125,3,Done,naphthalene_theta=65_Rt=1.7_A2=12_a=5.8_b=7.5.log
5.9,7.5,65,1.7,12,-26.69099352264311,-3.887300830509048,-4.729097965406254,3,Done,naphthalene_theta=65_Rt=1.7_A2=12_a=5.9_b=7.5.log
6.0,7.5,65,1.7,12,-26.392928782850504,-3.739135679381434,-4.728664356021909,3,Done,naphthalene_theta=65_Rt=1.7_A2=12_a=6.0_b=7.5.log
5.8,7.5,65,1.7,13,-26.8767691134708,-3.977116336871404,-4.730634109931998,3,Done,naphthalene_theta=65_Rt=1.7_A2=13_a=5.8_b=7.5.log
5.9,7.5,65,1.7,13,-26.80335295351688,-3.905552586424165,-4.748061945167137,3,Done,naphthalene_theta=65_Rt=1.7_A2=13_a=5.9_b=7.5.log
6.0,7.5,65,1.7,13,-26.506058795610443,-3.754095517797396,-4.749466940003913,3,Done,naphthalene_theta=65_Rt=1.7_A2=13_a=6.0_b=7.5.log
5.8,7.5,65,1.7,14,-26.93490540457424,-3.987975397321861,-4.739738652482629,3,Done,naphthalene_theta=65_Rt=1.7_A2=14_a=5.8_b=7.5.log
5.9,7.5,65,1.7,14,-26.872235980816185,-3.915404493396636,-4.760356748505728,3,Done,naphthalene_theta=65_Rt=1.7_A2=14_a=5.9_b=7.5.log
6.0,7.5,65,1.7,14,-26.5853246038314,-3.76418901613215,-4.764236642891774,3,Done,naphthalene_theta=65_Rt=1.7_A2=14_a=6.0_b=7.5.log
5.8,7.5,65,1.6,15,-27.01703391340561,-3.983191261184402,-4.762662847759202,3,Done,naphthalene_theta=65_Rt=1.6_A2=15_a=5.8_b=7.5.log
5.9,7.5,65,1.6,15,-26.98519656632561,-3.915495482331608,-4.788551400415599,3,Done,naphthalene_theta=65_Rt=1.6_A2=15_a=5.9_b=7.5.log
6.0,7.5,65,1.6,15,-26.72462429350708,-3.768531385285314,-4.796890380734112,3,Done,naphthalene_theta=65_Rt=1.6_A2=15_a=6.0_b=7.5.log
5.8,7.5,65,1.6,16,-26.977031406131573,-3.9603486420819536,-4.7640835304919165,3,Done,naphthalene_theta=65_Rt=1.6_A2=16_a=5.8_b=7.5.log
5.9,7.5,65,1.6,16,-26.984938031993806,-3.903993223968428,-4.794237896014238,3,Done,naphthalene_theta=65_Rt=1.6_A2=16_a=5.9_b=7.5.log
6.0,7.5,65,1.6,16,-26.755576851894148,-3.7658701153704897,-4.805959155288292,3,Done,naphthalene_theta=65_Rt=1.6_A2=16_a=6.0_b=7.5.log
5.7,7.4,65,1.7,14,-26.540486504207365,-3.927540536795277,-4.671351357654203,3,Done,naphthalene_theta=65_Rt=1.7_A2=14_a=5.7_b=7.4.log
5.7,7.5,65,1.7,14,-26.6568896091776,-3.927540536795277,-4.700452133896761,3,Done,naphthalene_theta=65_Rt=1.7_A2=14_a=5.7_b=7.5.log
5.7,7.6,65,1.7,14,-26.60221089795232,-3.927540536795277,-4.686782456090441,3,Done,naphthalene_theta=65_Rt=1.7_A2=14_a=5.7_b=7.6.log
5.8,7.6,65,1.7,14,-26.80392900749576,-3.987975397321861,-4.706994553213008,3,Done,naphthalene_theta=65_Rt=1.7_A2=14_a=5.8_b=7.6.log
5.9,7.6,65,1.7,14,-26.6751024593832,-3.915404493396636,-4.711073368147481,3,Done,naphthalene_theta=65_Rt=1.7_A2=14_a=5.9_b=7.6.log
5.7,7.4,65,1.6,15,-26.536771645070985,-3.917490336636547,-4.675447742949473,3,Done,naphthalene_theta=65_Rt=1.6_A2=15_a=5.7_b=7.4.log
5.7,7.5,65,1.6,15,-26.70372695568949,-3.917490336636547,-4.717186570604099,3,Done,naphthalene_theta=65_Rt=1.6_A2=15_a=5.7_b=7.5.log
5.7,7.6,65,1.6,15,-26.68803920561913,-3.917490336636547,-4.71326463308651,3,Done,naphthalene_theta=65_Rt=1.6_A2=15_a=5.7_b=7.6.log
5.8,7.6,65,1.6,15,-26.92038984340616,-3.983191261184402,-4.738501830259338,3,Done,naphthalene_theta=65_Rt=1.6_A2=15_a=5.8_b=7.6.log
5.9,7.6,65,1.6,15,-26.81834165717009,-3.915495482331608,-4.74683767312672,3,Done,naphthalene_theta=65_Rt=1.6_A2=15_a=5.9_b=7.6.log
5.8,7.6,65,1.6,16,-26.904023127281107,-3.960349269618746,-4.745831147010904,3,Done,naphthalene_theta=65_Rt=1.6_A2=16_a=5.8_b=7.6.log
5.9,7.6,65,1.6,16,-26.83821615378838,-3.903993223968428,-4.757557426462881,3,Done,naphthalene_theta=65_Rt=1.6_A2=16_a=5.9_b=7.6.log
6.0,7.6,65,1.6,16,-26.54581280890852,-3.7658701153704897,-4.753518144541886,3,Done,naphthalene_theta=65_Rt=1.6_A2=16_a=6.0_b=7.6.log
6.0,7.2,65,2.1,0,-24.716953739407472,-3.520475427270867,-4.419000721216435,3,Done,naphthalene_theta=65_a=6.0_b=7.2_Rt=2.1_A2=0.log
6.0,7.2,65,2.3,0,-24.76060584501829,-3.520475427270867,-4.429913747619139,3,Done,naphthalene_theta=65_a=6.0_b=7.2_Rt=2.3_A2=0.log
6.0,7.2,65,2.1,1,-24.922231085947715,-3.5231442273943685,-4.468985657789744,3,Done,naphthalene_theta=65_a=6.0_b=7.2_Rt=2.1_A2=1.log
6.0,7.2,65,2.3,1,-24.89905337663368,-3.5231442273943685,-4.463191230461234,3,Done,naphthalene_theta=65_a=6.0_b=7.2_Rt=2.3_A2=1.log
6.0,7.2,65,2.0,2,-25.03317359846551,-3.5310050451080315,-4.492790877062362,3,Done,naphthalene_theta=65_a=6.0_b=7.2_Rt=2.0_A2=2.log
6.0,7.2,65,2.2,2,-25.10912740894128,-3.5310050451080315,-4.511779329681303,3,Done,naphthalene_theta=65_a=6.0_b=7.2_Rt=2.2_A2=2.log
6.0,7.2,65,2.0,3,-25.233497381093912,-3.543633056280669,-4.536557817133144,3,Done,naphthalene_theta=65_a=6.0_b=7.2_Rt=2.0_A2=3.log
6.0,7.2,65,2.2,3,-25.2420440671267,-3.543633056280669,-4.53869448864134,3,Done,naphthalene_theta=65_a=6.0_b=7.2_Rt=2.2_A2=3.log
5.9,7.3,65,2.0,4,-25.45839696528856,-3.620326073549222,-4.554436204547528,3,Done,naphthalene_theta=65_a=5.9_b=7.3_Rt=2.0_A2=4.log
5.9,7.3,65,2.2,4,-25.342428097035736,-3.620326073549222,-4.525443987484323,3,Done,naphthalene_theta=65_a=5.9_b=7.3_Rt=2.2_A2=4.log
5.9,7.3,65,1.9,5,-25.611038772622123,-3.6512215284165,-4.577148928947281,3,Done,naphthalene_theta=65_a=5.9_b=7.3_Rt=1.9_A2=5.log
5.9,7.3,65,2.1,5,-25.60069238778669,-3.6512215284165,-4.574562332738424,3,Done,naphthalene_theta=65_a=5.9_b=7.3_Rt=2.1_A2=5.log
5.9,7.3,65,1.9,6,-25.81527570728213,-3.685866355430335,-4.610885749105364,3,Done,naphthalene_theta=65_a=5.9_b=7.3_Rt=1.9_A2=6.log
5.9,7.3,65,2.1,6,-25.737343985354528,-3.685866355430335,-4.5914028186234646,3,Done,naphthalene_theta=65_a=5.9_b=7.3_Rt=2.1_A2=6.log
5.9,7.3,65,1.8,7,-25.94106259685941,-3.722778376250062,-4.6238764610898215,3,Done,naphthalene_theta=65_a=5.9_b=7.3_Rt=1.8_A2=7.log
5.9,7.3,65,2.0,7,-25.978595225373283,-3.722778376250062,-4.63325961821829,3,Done,naphthalene_theta=65_a=5.9_b=7.3_Rt=2.0_A2=7.log
5.9,7.3,65,1.8,8,-26.14089566655457,-3.760415798518807,-4.655016017379239,3,Done,naphthalene_theta=65_a=5.9_b=7.3_Rt=1.8_A2=8.log
5.9,7.3,65,2.0,8,-26.107519664568827,-3.760415798518807,-4.646672016882803,3,Done,naphthalene_theta=65_a=5.9_b=7.3_Rt=2.0_A2=8.log
5.9,7.3,65,1.8,9,-26.321672511985525,-3.797149606340099,-4.681843324826332,3,Done,naphthalene_theta=65_a=5.9_b=7.3_Rt=1.8_A2=9.log
5.9,7.3,65,2.0,9,-26.20370816241484,-3.797149606340099,-4.652352237433661,3,Done,naphthalene_theta=65_a=5.9_b=7.3_Rt=2.0_A2=9.log
5.9,7.4,65,1.7,10,-26.47348851687275,-3.831512681557797,-4.702615788439289,3,Done,naphthalene_theta=65_a=5.9_b=7.4_Rt=1.7_A2=10.log
5.9,7.4,65,1.9,10,-26.41618179332,-3.831512681557797,-4.6882891075511,3,Done,naphthalene_theta=65_a=5.9_b=7.4_Rt=1.9_A2=10.log
5.9,7.4,65,1.7,11,-26.64140893763397,-3.862095636373851,-4.729304416221567,3,Done,naphthalene_theta=65_a=5.9_b=7.4_Rt=1.7_A2=11.log
5.9,7.4,65,1.9,11,-26.509985753102228,-3.862095636373851,-4.696448620088631,3,Done,naphthalene_theta=65_a=5.9_b=7.4_Rt=1.9_A2=11.log
5.9,7.4,65,1.6,12,-26.733601451385766,-3.887300830509048,-4.739749947591918,3,Done,naphthalene_theta=65_a=5.9_b=7.4_Rt=1.6_A2=12.log
5.9,7.4,65,1.8,12,-26.72544382151682,-3.887300830509048,-4.737710540124681,3,Done,naphthalene_theta=65_a=5.9_b=7.4_Rt=1.8_A2=12.log
5.9,7.4,65,1.6,13,-26.867655158042908,-3.905552586424165,-4.764137496298645,3,Done,naphthalene_theta=65_a=5.9_b=7.4_Rt=1.6_A2=13.log
5.9,7.4,65,1.8,13,-26.777118015219457,-3.905552586424165,-4.741503210592782,3,Done,naphthalene_theta=65_a=5.9_b=7.4_Rt=1.8_A2=13.log
5.8,7.5,65,1.6,14,-26.981983714737,-3.987975397321861,-4.751508230023319,3,Done,naphthalene_theta=65_a=5.8_b=7.5_Rt=1.6_A2=14.log
5.8,7.5,65,1.8,14,-26.779192563379183,-3.987975397321861,-4.700810442183865,3,Done,naphthalene_theta=65_a=5.8_b=7.5_Rt=1.8_A2=14.log
5.8,7.5,65,1.5,15,-27.000856705824845,-3.983191261184402,-4.75861854586401,3,Done,naphthalene_theta=65_a=5.8_b=7.5_Rt=1.5_A2=15.log
5.8,7.5,65,1.7,15,-26.92468703177292,-3.983191261184402,-4.739576127351029,3,Done,naphthalene_theta=65_a=5.8_b=7.5_Rt=1.7_A2=15.log
5.9,7.5,65,1.5,16,-27.019029395189136,-3.903993223968428,-4.80276073681307,3,Done,naphthalene_theta=65_a=5.9_b=7.5_Rt=1.5_A2=16.log
5.9,7.5,65,1.7,16,-26.83848974807188,-3.903993223968428,-4.757625825033756,3,Done,naphthalene_theta=65_a=5.9_b=7.5_Rt=1.7_A2=16.log
5.9,7.5,65,1.4,17,-26.96476484031882,-3.879662151332013,-4.801360134413699,3,Done,naphthalene_theta=65_a=5.9_b=7.5_Rt=1.4_A2=17.log
5.9,7.5,65,1.6,17,-26.914639341644943,-3.879662151332013,-4.788828759745229,3,Done,naphthalene_theta=65_a=5.9_b=7.5_Rt=1.6_A2=17.log
5.9,7.5,65,1.4,18,-26.909994512679987,-3.8413733735797,-4.806811941380147,3,Done,naphthalene_theta=65_a=5.9_b=7.5_Rt=1.4_A2=18.log
5.9,7.5,65,1.6,18,-26.76247444166802,-3.8413733735797,-4.769931923627155,3,Done,naphthalene_theta=65_a=5.9_b=7.5_Rt=1.6_A2=18.log
5.9,7.5,65,1.3,19,-26.718770880252123,-3.788399606884923,-4.785492916620569,3,Done,naphthalene_theta=65_a=5.9_b=7.5_Rt=1.3_A2=19.log
5.9,7.5,65,1.5,19,-26.711406422778964,-3.788399606884923,-4.78365180225228,3,Done,naphthalene_theta=65_a=5.9_b=7.5_Rt=1.5_A2=19.log
6.0,7.5,65,1.3,20,-26.58562831860036,-3.6650587513577193,-4.8138777039712295,3,Done,naphthalene_theta=65_a=6.0_b=7.5_Rt=1.3_A2=20.log
6.0,7.5,65,1.5,20,-26.46168254339136,-3.6650587513577193,-4.782891260168981,3,Done,naphthalene_theta=65_a=6.0_b=7.5_Rt=1.5_A2=20.log
5.9,7.3,65,1.9,4,-25.39674787269905,-3.620326073549222,-4.539023931400152,3,Done,naphthalene_theta=65_a=5.9_b=7.3_Rt=1.9_A2=4.log
5.9,7.3,65,1.7,9,-26.22874581126962,-3.797149606340099,-4.658611649647355,3,Done,naphthalene_theta=65_a=5.9_b=7.3_Rt=1.7_A2=9.log
5.9,7.4,65,1.6,11,-26.568150910083205,-3.862095636373851,-4.710989909333875,3,Done,naphthalene_theta=65_a=5.9_b=7.4_Rt=1.6_A2=11.log
5.8,7.5,65,1.5,14,-26.931674983119592,-3.987975397321861,-4.738931047118967,3,Done,naphthalene_theta=65_a=5.8_b=7.5_Rt=1.5_A2=14.log
5.9,7.5,65,1.4,16,-26.952187030110508,-3.903993223968428,-4.786050145543413,3,Done,naphthalene_theta=65_a=5.9_b=7.5_Rt=1.4_A2=16.log
5.9,7.5,65,1.3,18,-26.81343327369541,-3.8413733735797,-4.7826716316340026,3,Done,naphthalene_theta=65_a=5.9_b=7.5_Rt=1.3_A2=18.log
5.9,7.1,65,2.1,0,-24.42848739260808,-3.559259310422931,-4.327492192940554,3,Done,naphthalene_theta=65_A2=0_a=5.9_b=7.1_Rt=2.1.log
5.9,7.1,65,2.3,0,-24.694616893539205,-3.559259310422931,-4.394024568173336,3,Done,naphthalene_theta=65_A2=0_a=5.9_b=7.1_Rt=2.3.log
5.9,7.2,65,2.1,0,-24.65503858285956,-3.559259310422931,-4.384129990503425,3,Done,naphthalene_theta=65_A2=0_a=5.9_b=7.2_Rt=2.1.log
5.9,7.2,65,2.3,0,-24.76314600557089,-3.559259310422931,-4.411156846181257,3,Done,naphthalene_theta=65_A2=0_a=5.9_b=7.2_Rt=2.3.log
5.9,7.3,65,2.1,0,-24.699892997625284,-3.559259310422931,-4.395343594194856,3,Done,naphthalene_theta=65_A2=0_a=5.9_b=7.3_Rt=2.1.log
5.9,7.3,65,2.3,0,-24.679077235632576,-3.559259310422931,-4.390139653696679,3,Done,naphthalene_theta=65_A2=0_a=5.9_b=7.3_Rt=2.3.log
6.0,7.1,65,2.1,0,-24.58291760343127,-3.520475427270867,-4.385491687222384,3,Done,naphthalene_theta=65_A2=0_a=6.0_b=7.1_Rt=2.1.log
6.0,7.1,65,2.3,0,-24.771931145340204,-3.520475427270867,-4.432745072699618,3,Done,naphthalene_theta=65_A2=0_a=6.0_b=7.1_Rt=2.3.log
6.0,7.3,65,2.1,0,-24.68508376146201,-3.520475427270867,-4.411033226730069,3,Done,naphthalene_theta=65_A2=0_a=6.0_b=7.3_Rt=2.1.log
6.0,7.3,65,2.3,0,-24.61143918789457,-3.520475427270867,-4.39262208333821,3,Done,naphthalene_theta=65_A2=0_a=6.0_b=7.3_Rt=2.3.log
6.1,7.1,65,2.1,0,-24.48585561173968,-3.3911387136904523,-4.425894546089694,3,Done,naphthalene_theta=65_A2=0_a=6.1_b=7.1_Rt=2.1.log
6.1,7.1,65,2.3,0,-24.601063937530853,-3.3911387136904523,-4.454696627537487,3,Done,naphthalene_theta=65_A2=0_a=6.1_b=7.1_Rt=2.3.log
6.1,7.2,65,2.1,0,-24.53732398187276,-3.3911387136904523,-4.438761638622964,3,Done,naphthalene_theta=65_A2=0_a=6.1_b=7.2_Rt=2.1.log
6.1,7.2,65,2.3,0,-24.519967055297457,-3.3911387136904523,-4.434422406979138,3,Done,naphthalene_theta=65_A2=0_a=6.1_b=7.2_Rt=2.3.log
6.1,7.3,65,2.1,0,-24.4378711769823,-3.3911387136904523,-4.4138984374003485,3,Done,naphthalene_theta=65_A2=0_a=6.1_b=7.3_Rt=2.1.log
6.1,7.3,65,2.3,0,-24.31482901610434,-3.3911387136904523,-4.383137897180859,3,Done,naphthalene_theta=65_A2=0_a=6.1_b=7.3_Rt=2.3.log
5.9,7.1,65,2.1,1,-24.670922115794383,-3.563331850222312,-4.38606460383744,3,Done,naphthalene_theta=65_A2=1_a=5.9_b=7.1_Rt=2.1.log
5.9,7.1,65,2.3,1,-24.84479007660412,-3.563331850222312,-4.429531594039872,3,Done,naphthalene_theta=65_A2=1_a=5.9_b=7.1_Rt=2.3.log
5.9,7.2,65,2.1,1,-24.87471226323396,-3.563331850222312,-4.437012140697334,3,Done,naphthalene_theta=65_A2=1_a=5.9_b=7.2_Rt=2.1.log
5.9,7.2,65,2.3,1,-24.90879107627552,-3.563331850222312,-4.445531843957724,3,Done,naphthalene_theta=65_A2=1_a=5.9_b=7.2_Rt=2.3.log
5.9,7.3,65,2.1,1,-24.89922029420268,-3.563331850222312,-4.4431391484395135,3,Done,naphthalene_theta=65_A2=1_a=5.9_b=7.3_Rt=2.1.log
5.9,7.3,65,2.3,1,-24.82014148356393,-3.563331850222312,-4.4233694457798265,3,Done,naphthalene_theta=65_A2=1_a=5.9_b=7.3_Rt=2.3.log
6.0,7.1,65,2.1,1,-24.80945498857181,-3.5231442273943685,-4.4407916334457695,3,Done,naphthalene_theta=65_A2=1_a=6.0_b=7.1_Rt=2.1.log
6.0,7.1,65,2.3,1,-24.914118636515923,-3.5231442273943685,-4.4669575454317965,3,Done,naphthalene_theta=65_A2=1_a=6.0_b=7.1_Rt=2.3.log
6.0,7.3,65,2.1,1,-24.87135006487369,-3.5231442273943685,-4.45626540252124,3,Done,naphthalene_theta=65_A2=1_a=6.0_b=7.3_Rt=2.1.log
6.0,7.3,65,2.3,1,-24.745702482992783,-3.5231442273943685,-4.424853507051012,3,Done,naphthalene_theta=65_A2=1_a=6.0_b=7.3_Rt=2.3.log
6.1,7.1,65,2.1,1,-24.696567194303498,-3.3929151944466867,-4.477684201352531,3,Done,naphthalene_theta=65_A2=1_a=6.1_b=7.1_Rt=2.1.log
6.1,7.1,65,2.3,1,-24.73540755326394,-3.3929151944466867,-4.487394291092642,3,Done,naphthalene_theta=65_A2=1_a=6.1_b=7.1_Rt=2.3.log
6.1,7.2,65,2.1,1,-24.72834430087824,-3.3929151944466867,-4.485628477996215,3,Done,naphthalene_theta=65_A2=1_a=6.1_b=7.2_Rt=2.1.log
6.1,7.2,65,2.3,1,-24.6512183015002,-3.3929151944466867,-4.466346978151705,3,Done,naphthalene_theta=65_A2=1_a=6.1_b=7.2_Rt=2.3.log
6.1,7.3,65,2.1,1,-24.61130113562104,-3.3929151944466867,-4.456367686681915,3,Done,naphthalene_theta=65_A2=1_a=6.1_b=7.3_Rt=2.1.log
6.1,7.3,65,2.3,1,-24.44224743149244,-3.3929151944466867,-4.414104260649765,3,Done,naphthalene_theta=65_A2=1_a=6.1_b=7.3_Rt=2.3.log
5.9,7.1,65,2.0,2,-24.694424875313416,-3.5753279589116573,-4.385942239372525,3,Done,naphthalene_theta=65_A2=2_a=5.9_b=7.1_Rt=2.0.log
5.9,7.1,65,2.2,2,-24.987986603635363,-3.5753279589116573,-4.459332671453012,3,Done,naphthalene_theta=65_A2=2_a=5.9_b=7.1_Rt=2.2.log
5.9,7.2,65,2.0,2,-24.968897749320604,-3.5753279589116573,-4.454560457874322,3,Done,naphthalene_theta=65_A2=2_a=5.9_b=7.2_Rt=2.0.log
5.9,7.2,65,2.2,2,-25.106407780665904,-3.5753279589116573,-4.488937965710647,3,Done,naphthalene_theta=65_A2=2_a=5.9_b=7.2_Rt=2.2.log
5.9,7.3,65,2.0,2,-25.050072442856617,-3.5753279589116573,-4.474854131258326,3,Done,naphthalene_theta=65_A2=2_a=5.9_b=7.3_Rt=2.0.log
5.9,7.3,65,2.2,2,-25.06049914902541,-3.5753279589116573,-4.477460807800526,3,Done,naphthalene_theta=65_A2=2_a=5.9_b=7.3_Rt=2.2.log
6.0,7.1,65,2.0,2,-24.854918087949045,-3.5310050451080315,-4.4482269994332455,3,Done,naphthalene_theta=65_A2=2_a=6.0_b=7.1_Rt=2.0.log
6.0,7.1,65,2.2,2,-25.07434327469673,-3.5310050451080315,-4.503083296120167,3,Done,naphthalene_theta=65_A2=2_a=6.0_b=7.1_Rt=2.2.log
6.0,7.3,65,2.0,2,-25.03422781534028,-3.5310050451080315,-4.4930544312810525,3,Done,naphthalene_theta=65_A2=2_a=6.0_b=7.3_Rt=2.0.log
6.0,7.3,65,2.2,2,-24.994220287771896,-3.5310050451080315,-4.483052549388958,3,Done,naphthalene_theta=65_A2=2_a=6.0_b=7.3_Rt=2.2.log
6.1,7.1,65,2.0,2,-24.76476498146076,-3.398158668074757,-4.492111911327811,3,Done,naphthalene_theta=65_A2=2_a=6.1_b=7.1_Rt=2.0.log
6.1,7.1,65,2.2,2,-24.91313846583944,-3.398158668074757,-4.529205282422481,3,Done,naphthalene_theta=65_A2=2_a=6.1_b=7.1_Rt=2.2.log
6.1,7.2,65,2.0,2,-24.85679559793789,-3.398158668074757,-4.515119565447094,3,Done,naphthalene_theta=65_A2=2_a=6.1_b=7.2_Rt=2.0.log
6.1,7.2,65,2.2,2,-24.874162564752623,-3.398158668074757,-4.519461307150777,3,Done,naphthalene_theta=65_A2=2_a=6.1_b=7.2_Rt=2.2.log
6.1,7.3,65,2.0,2,-24.78693365468644,-3.398158668074757,-4.497654079634231,3,Done,naphthalene_theta=65_A2=2_a=6.1_b=7.3_Rt=2.0.log
6.1,7.3,65,2.2,2,-24.699318198370747,-3.398158668074757,-4.475750215555308,3,Done,naphthalene_theta=65_A2=2_a=6.1_b=7.3_Rt=2.2.log
5.9,7.1,65,2.0,3,-24.93310332391411,-3.594630794075784,-4.435960433940636,3,Done,naphthalene_theta=65_A2=3_a=5.9_b=7.1_Rt=2.0.log
5.9,7.1,65,2.2,3,-25.132345279329456,-3.594630794075784,-4.485770922794472,3,Done,naphthalene_theta=65_A2=3_a=5.9_b=7.1_Rt=2.2.log
5.9,7.2,65,2.0,3,-25.1913437693147,-3.594630794075784,-4.500520545290783,3,Done,naphthalene_theta=65_A2=3_a=5.9_b=7.2_Rt=2.0.log
5.9,7.2,65,2.2,3,-25.25361786189024,-3.594630794075784,-4.516089068434667,3,Done,naphthalene_theta=65_A2=3_a=5.9_b=7.2_Rt=2.2.log
5.9,7.3,65,2.0,3,-25.25785982934758,-3.594630794075784,-4.517149560299004,3,Done,naphthalene_theta=65_A2=3_a=5.9_b=7.3_Rt=2.0.log
5.9,7.3,65,2.2,3,-25.20938593661413,-3.594630794075784,-4.50503108711564,3,Done,naphthalene_theta=65_A2=3_a=5.9_b=7.3_Rt=2.2.log
6.0,7.1,65,2.0,3,-25.070005925255828,-3.543633056280669,-4.495684953173623,3,Done,naphthalene_theta=65_A2=3_a=6.0_b=7.1_Rt=2.0.log
6.0,7.1,65,2.2,3,-25.20387137890793,-3.543633056280669,-4.529151316586649,3,Done,naphthalene_theta=65_A2=3_a=6.0_b=7.1_Rt=2.2.log
6.0,7.3,65,2.0,3,-25.221193164936267,-3.543633056280669,-4.533481763093732,3,Done,naphthalene_theta=65_A2=3_a=6.0_b=7.3_Rt=2.0.log
6.0,7.3,65,2.2,3,-25.12917509838008,-3.543633056280669,-4.510477246454684,3,Done,naphthalene_theta=65_A2=3_a=6.0_b=7.3_Rt=2.2.log
6.1,7.1,65,2.0,3,-24.960458995075896,-3.406614365288988,-4.53680756612448,3,Done,naphthalene_theta=65_A2=3_a=6.1_b=7.1_Rt=2.0.log
6.1,7.1,65,2.2,3,-25.03203027544077,-3.406614365288988,-4.5547003862157,3,Done,naphthalene_theta=65_A2=3_a=6.1_b=7.1_Rt=2.2.log
6.1,7.2,65,2.0,3,-25.03926421061624,-3.406614365288988,-4.556508870009566,3,Done,naphthalene_theta=65_A2=3_a=6.1_b=7.2_Rt=2.0.log
6.1,7.2,65,2.2,3,-24.996887205401435,-3.406614365288988,-4.545914618705865,3,Done,naphthalene_theta=65_A2=3_a=6.1_b=7.2_Rt=2.2.log
6.1,7.3,65,2.0,3,-24.957313914899714,-3.406614365288988,-4.536021296080435,3,Done,naphthalene_theta=65_A2=3_a=6.1_b=7.3_Rt=2.0.log
6.1,7.3,65,2.2,3,-24.824296854785644,-3.406614365288988,-4.502767031051917,3,Done,naphthalene_theta=65_A2=3_a=6.1_b=7.3_Rt=2.2.log
5.8,7.2,65,1.9,4,-24.886264722561464,-3.5510282617178746,-4.446052049781429,3,Done,naphthalene_theta=65_A2=4_a=5.8_b=7.2_Rt=1.9.log
5.8,7.2,65,2.0,4,-25.051565916859545,-3.5510282617178746,-4.487377348355949,3,Done,naphthalene_theta=65_A2=4_a=5.8_b=7.2_Rt=2.0.log
5.8,7.3,65,1.9,4,-25.10816731862724,-3.5510282617178746,-4.501527698797872,3,Done,naphthalene_theta=65_A2=4_a=5.8_b=7.3_Rt=1.9.log
5.8,7.3,65,2.0,4,-25.1972611885285,-3.5510282617178746,-4.523801166273188,3,Done,naphthalene_theta=65_A2=4_a=5.8_b=7.3_Rt=2.0.log
5.8,7.4,65,1.9,4,-25.14554683468305,-3.5510282617178746,-4.510872577811824,3,Done,naphthalene_theta=65_A2=4_a=5.8_b=7.4_Rt=1.9.log
5.8,7.4,65,2.0,4,-25.17264522635378,-3.5510282617178746,-4.517647175729508,3,Done,naphthalene_theta=65_A2=4_a=5.8_b=7.4_Rt=2.0.log
5.9,7.2,65,1.9,4,-25.26840199716389,-3.620326073549222,-4.506937462516362,3,Done,naphthalene_theta=65_A2=4_a=5.9_b=7.2_Rt=1.9.log
5.9,7.2,65,2.0,4,-25.40048783214297,-3.620326073549222,-4.539958921261132,3,Done,naphthalene_theta=65_A2=4_a=5.9_b=7.2_Rt=2.0.log
5.9,7.4,65,1.9,4,-25.35616303607821,-3.620326073549222,-4.528877722244943,3,Done,naphthalene_theta=65_A2=4_a=5.9_b=7.4_Rt=1.9.log
5.9,7.4,65,2.0,4,-25.36094968230464,-3.620326073549222,-4.530074383801548,3,Done,naphthalene_theta=65_A2=4_a=5.9_b=7.4_Rt=2.0.log
6.0,7.2,65,1.9,4,-25.31903452402912,-3.5603662379435264,-4.549575512035517,3,Done,naphthalene_theta=65_A2=4_a=6.0_b=7.2_Rt=1.9.log
6.0,7.2,65,2.0,4,-25.41901443724055,-3.5603662379435264,-4.574570490338374,3,Done,naphthalene_theta=65_A2=4_a=6.0_b=7.2_Rt=2.0.log
6.0,7.3,65,1.9,4,-25.36361534462776,-3.5603662379435264,-4.560720717185177,3,Done,naphthalene_theta=65_A2=4_a=6.0_b=7.3_Rt=1.9.log
6.0,7.3,65,2.0,4,-25.39892658719328,-3.5603662379435264,-4.569548527826555,3,Done,naphthalene_theta=65_A2=4_a=6.0_b=7.3_Rt=2.0.log
6.0,7.4,65,1.9,4,-25.254052098607644,-3.5603662379435264,-4.533329905680148,3,Done,naphthalene_theta=65_A2=4_a=6.0_b=7.4_Rt=1.9.log
6.0,7.4,65,2.0,4,-25.23757870600093,-3.5603662379435264,-4.52921155752847,3,Done,naphthalene_theta=65_A2=4_a=6.0_b=7.4_Rt=2.0.log
5.8,7.2,65,1.9,5,-25.14548910327721,-3.597753911279142,-4.4874953201797325,3,Done,naphthalene_theta=65_A2=5_a=5.8_b=7.2_Rt=1.9.log
5.8,7.2,65,2.1,5,-25.297436885070056,-3.597753911279142,-4.525482265627943,3,Done,naphthalene_theta=65_A2=5_a=5.8_b=7.2_Rt=2.1.log
5.8,7.3,65,1.9,5,-25.35755485284608,-3.597753911279142,-4.540511757571949,3,Done,naphthalene_theta=65_A2=5_a=5.8_b=7.3_Rt=1.9.log
5.8,7.3,65,2.1,5,-25.39030836476013,-3.597753911279142,-4.548700135550462,3,Done,naphthalene_theta=65_A2=5_a=5.8_b=7.3_Rt=2.1.log
5.8,7.4,65,1.9,5,-25.38611408811994,-3.597753911279142,-4.547651566390414,3,Done,naphthalene_theta=65_A2=5_a=5.8_b=7.4_Rt=1.9.log
5.8,7.4,65,2.1,5,-25.32271800772287,-3.597753911279142,-4.531802546291146,3,Done,naphthalene_theta=65_A2=5_a=5.8_b=7.4_Rt=2.1.log
5.9,7.2,65,1.9,5,-25.49167382030282,-3.6512215284165,-4.547307690867456,3,Done,naphthalene_theta=65_A2=5_a=5.9_b=7.2_Rt=1.9.log
5.9,7.2,65,2.1,5,-25.591068894485943,-3.6512215284165,-4.572156459413236,3,Done,naphthalene_theta=65_A2=5_a=5.9_b=7.2_Rt=2.1.log
5.9,7.4,65,1.9,5,-25.56215323379729,-3.6512215284165,-4.564927544241073,3,Done,naphthalene_theta=65_A2=5_a=5.9_b=7.4_Rt=1.9.log
5.9,7.4,65,2.1,5,-25.46424661332276,-3.6512215284165,-4.54045088912244,3,Done,naphthalene_theta=65_A2=5_a=5.9_b=7.4_Rt=2.1.log
6.0,7.2,65,1.9,5,-25.51498707185965,-3.5804183200816624,-4.588537607924081,3,Done,naphthalene_theta=65_A2=5_a=6.0_b=7.2_Rt=1.9.log
6.0,7.2,65,2.1,5,-25.563727028667927,-3.5804183200816624,-4.600722597126151,3,Done,naphthalene_theta=65_A2=5_a=6.0_b=7.2_Rt=2.1.log
6.0,7.3,65,1.9,5,-25.551432852866128,-3.5804183200816624,-4.597649053175701,3,Done,naphthalene_theta=65_A2=5_a=6.0_b=7.3_Rt=1.9.log
6.0,7.3,65,2.1,5,-25.499919301946647,-3.5804183200816624,-4.584770665445831,3,Done,naphthalene_theta=65_A2=5_a=6.0_b=7.3_Rt=2.1.log
6.0,7.4,65,1.9,5,-25.434141193749383,-3.5804183200816624,-4.568326138396515,3,Done,naphthalene_theta=65_A2=5_a=6.0_b=7.4_Rt=1.9.log
6.0,7.4,65,2.1,5,-25.30364170379471,-3.5804183200816624,-4.535701265907846,3,Done,naphthalene_theta=65_A2=5_a=6.0_b=7.4_Rt=2.1.log
5.8,7.2,65,1.9,6,-25.389675835031085,-3.650358074577525,-4.5222399214690086,3,Done,naphthalene_theta=65_A2=6_a=5.8_b=7.2_Rt=1.9.log
5.8,7.2,65,2.1,6,-25.44612161442637,-3.650358074577525,-4.536351366317831,3,Done,naphthalene_theta=65_A2=6_a=5.8_b=7.2_Rt=2.1.log
5.8,7.3,65,1.9,6,-25.59812712681014,-3.650358074577525,-4.574352744413773,3,Done,naphthalene_theta=65_A2=6_a=5.8_b=7.3_Rt=1.9.log
5.8,7.3,65,2.1,6,-25.555632149567828,-3.650358074577525,-4.563729000103194,3,Done,naphthalene_theta=65_A2=6_a=5.8_b=7.3_Rt=2.1.log
5.8,7.4,65,1.9,6,-25.6230819443008,-3.650358074577525,-4.580591448786436,3,Done,naphthalene_theta=65_A2=6_a=5.8_b=7.4_Rt=1.9.log
5.8,7.4,65,2.1,6,-25.501171811600216,-3.650358074577525,-4.550113915611291,3,Done,naphthalene_theta=65_A2=6_a=5.8_b=7.4_Rt=2.1.log
5.9,7.2,65,1.9,6,-25.69902822468429,-3.685866355430335,-4.581823878455907,3,Done,naphthalene_theta=65_A2=6_a=5.9_b=7.2_Rt=1.9.log
5.9,7.2,65,2.1,6,-25.712085452629253,-3.685866355430335,-4.585088185442146,3,Done,naphthalene_theta=65_A2=6_a=5.9_b=7.2_Rt=2.1.log
5.9,7.4,65,1.9,6,-25.76298404391855,-3.685866355430335,-4.59781283326447,3,Done,naphthalene_theta=65_A2=6_a=5.9_b=7.4_Rt=1.9.log
5.9,7.4,65,2.1,6,-25.61275563982781,-3.685866355430335,-4.560255732241785,3,Done,naphthalene_theta=65_A2=6_a=5.9_b=7.4_Rt=2.1.log
6.0,7.2,65,1.9,6,-25.6956346508814,-3.602928358770441,-4.62244448333513,3,Done,naphthalene_theta=65_A2=6_a=6.0_b=7.2_Rt=1.9.log
6.0,7.2,65,2.1,6,-25.66677672090009,-3.602928358770441,-4.6152300008398015,3,Done,naphthalene_theta=65_A2=6_a=6.0_b=7.2_Rt=2.1.log
6.0,7.3,65,1.9,6,-25.72941225883551,-3.602928358770441,-4.630888885323657,3,Done,naphthalene_theta=65_A2=6_a=6.0_b=7.3_Rt=1.9.log
6.0,7.3,65,2.1,6,-25.617492085322738,-3.602928358770441,-4.602908841945464,3,Done,naphthalene_theta=65_A2=6_a=6.0_b=7.3_Rt=2.1.log
6.0,7.4,65,1.9,6,-25.608950419118628,-3.602928358770441,-4.600773425394436,3,Done,naphthalene_theta=65_A2=6_a=6.0_b=7.4_Rt=1.9.log
6.0,7.4,65,2.1,6,-25.43186709738802,-3.602928358770441,-4.556502594961785,3,Done,naphthalene_theta=65_A2=6_a=6.0_b=7.4_Rt=2.1.log
5.8,7.2,65,1.8,7,-25.459459966863506,-3.706554105156101,-4.511587939137826,3,Done,naphthalene_theta=65_A2=7_a=5.8_b=7.2_Rt=1.8.log
5.8,7.2,65,2.0,7,-25.651829432696104,-3.706554105156101,-4.559680305595975,3,Done,naphthalene_theta=65_A2=7_a=5.8_b=7.2_Rt=2.0.log
5.8,7.3,65,1.8,7,-25.737251113867387,-3.706554105156101,-4.581035725888796,3,Done,naphthalene_theta=65_A2=7_a=5.8_b=7.3_Rt=1.8.log
5.8,7.3,65,2.0,7,-25.81433695240412,-3.706554105156101,-4.600307185522979,3,Done,naphthalene_theta=65_A2=7_a=5.8_b=7.3_Rt=2.0.log
5.8,7.4,65,1.8,7,-25.81922902050428,-3.706554105156101,-4.60153020254802,3,Done,naphthalene_theta=65_A2=7_a=5.8_b=7.4_Rt=1.8.log
5.8,7.4,65,2.0,7,-25.80160100909416,-3.706554105156101,-4.597123199695488,3,Done,naphthalene_theta=65_A2=7_a=5.8_b=7.4_Rt=2.0.log
5.9,7.2,65,1.8,7,-25.759717226959765,-3.722778376250062,-4.57854011861491,3,Done,naphthalene_theta=65_A2=7_a=5.9_b=7.2_Rt=1.8.log
5.9,7.2,65,2.0,7,-25.904508884297684,-3.722778376250062,-4.61473803294939,3,Done,naphthalene_theta=65_A2=7_a=5.9_b=7.2_Rt=2.0.log
5.9,7.4,65,1.8,7,-25.941737797809765,-3.722778376250062,-4.62404526132741,3,Done,naphthalene_theta=65_A2=7_a=5.9_b=7.4_Rt=1.8.log
5.9,7.4,65,2.0,7,-25.89165747957304,-3.722778376250062,-4.611525181768229,3,Done,naphthalene_theta=65_A2=7_a=5.9_b=7.4_Rt=2.0.log
6.0,7.2,65,1.8,7,-25.757882387610152,-3.626928733778186,-4.626006230013445,3,Done,naphthalene_theta=65_A2=7_a=6.0_b=7.2_Rt=1.8.log
6.0,7.2,65,2.0,7,-25.85596220078878,-3.626928733778186,-4.650526183308102,3,Done,naphthalene_theta=65_A2=7_a=6.0_b=7.2_Rt=2.0.log
6.0,7.3,65,1.8,7,-25.8524983455427,-3.626928733778186,-4.649660219496582,3,Done,naphthalene_theta=65_A2=7_a=6.0_b=7.3_Rt=1.8.log
6.0,7.3,65,2.0,7,-25.8512960363878,-3.626928733778186,-4.649359642207855,3,Done,naphthalene_theta=65_A2=7_a=6.0_b=7.3_Rt=2.0.log
6.0,7.4,65,1.8,7,-25.780856783734635,-3.626928733778186,-4.631749829044566,3,Done,naphthalene_theta=65_A2=7_a=6.0_b=7.4_Rt=1.8.log
6.0,7.4,65,2.0,7,-25.69926542358008,-3.626928733778186,-4.611351989005925,3,Done,naphthalene_theta=65_A2=7_a=6.0_b=7.4_Rt=2.0.log
5.8,7.2,65,1.8,8,-25.696023706928827,-3.763790547265671,-4.542110653099371,3,Done,naphthalene_theta=65_A2=8_a=5.8_b=7.2_Rt=1.8.log
5.8,7.2,65,2.0,8,-25.789434845442884,-3.763790547265671,-4.565463437727885,3,Done,naphthalene_theta=65_A2=8_a=5.8_b=7.2_Rt=2.0.log
5.8,7.3,65,1.8,8,-25.974198889918625,-3.763790547265671,-4.611654448846821,3,Done,naphthalene_theta=65_A2=8_a=5.8_b=7.3_Rt=1.8.log
5.8,7.3,65,2.0,8,-25.972838448244147,-3.763790547265671,-4.611314338428201,3,Done,naphthalene_theta=65_A2=8_a=5.8_b=7.3_Rt=2.0.log
5.8,7.4,65,1.8,8,-26.05593332252465,-3.763790547265671,-4.632088056998327,3,Done,naphthalene_theta=65_A2=8_a=5.8_b=7.4_Rt=1.8.log
5.8,7.4,65,2.0,8,-25.97728623903822,-3.763790547265671,-4.61242628612672,3,Done,naphthalene_theta=65_A2=8_a=5.8_b=7.4_Rt=2.0.log
5.9,7.2,65,1.8,8,-25.95897047733888,-3.760415798518807,-4.609534720075317,3,Done,naphthalene_theta=65_A2=8_a=5.9_b=7.2_Rt=1.8.log
5.9,7.2,65,2.0,8,-26.01349607622251,-3.760415798518807,-4.623166119796224,3,Done,naphthalene_theta=65_A2=8_a=5.9_b=7.2_Rt=2.0.log
5.9,7.4,65,1.8,8,-26.141402694396675,-3.760415798518807,-4.655142774339765,3,Done,naphthalene_theta=65_A2=8_a=5.9_b=7.4_Rt=1.8.log
5.9,7.4,65,2.0,8,-26.03655581385829,-3.760415798518807,-4.628931054205168,3,Done,naphthalene_theta=65_A2=8_a=5.9_b=7.4_Rt=2.0.log
6.0,7.2,65,1.8,8,-25.931092718150467,-3.6515672864043154,-4.656989536335459,3,Done,naphthalene_theta=65_A2=8_a=6.0_b=7.2_Rt=1.8.log
6.0,7.2,65,2.0,8,-25.94746821874287,-3.6515672864043154,-4.66108341148356,3,Done,naphthalene_theta=65_A2=8_a=6.0_b=7.2_Rt=2.0.log
6.0,7.3,65,1.8,8,-26.026639900403097,-3.6515672864043154,-4.680876331898617,3,Done,naphthalene_theta=65_A2=8_a=6.0_b=7.3_Rt=1.8.log
6.0,7.3,65,2.0,8,-25.96179301699157,-3.6515672864043154,-4.664664611045737,3,Done,naphthalene_theta=65_A2=8_a=6.0_b=7.3_Rt=2.0.log
6.0,7.4,65,1.8,8,-25.95501841942314,-3.6515672864043154,-4.662970961653628,3,Done,naphthalene_theta=65_A2=8_a=6.0_b=7.4_Rt=1.8.log
6.0,7.4,65,2.0,8,-25.82448629918508,-3.6515672864043154,-4.630337931594113,3,Done,naphthalene_theta=65_A2=8_a=6.0_b=7.4_Rt=2.0.log
5.8,7.2,65,1.7,9,-25.72438339388464,-3.81952661293326,-4.521332542004529,3,Done,naphthalene_theta=65_A2=9_a=5.8_b=7.2_Rt=1.7.log
5.8,7.2,65,1.8,9,-25.90304553078022,-3.81952661293326,-4.565998076228425,3,Done,naphthalene_theta=65_A2=9_a=5.8_b=7.2_Rt=1.8.log
5.8,7.3,65,1.7,9,-26.074142407393083,-3.81952661293326,-4.608772295381641,3,Done,naphthalene_theta=65_A2=9_a=5.8_b=7.3_Rt=1.7.log
5.8,7.3,65,1.8,9,-26.1880430028541,-3.81952661293326,-4.637247444246896,3,Done,naphthalene_theta=65_A2=9_a=5.8_b=7.3_Rt=1.8.log
5.8,7.4,65,1.7,9,-26.21499832207337,-3.81952661293326,-4.643986274051713,3,Done,naphthalene_theta=65_A2=9_a=5.8_b=7.4_Rt=1.7.log
5.8,7.4,65,1.8,9,-26.274601732147858,-3.81952661293326,-4.658887126570335,3,Done,naphthalene_theta=65_A2=9_a=5.8_b=7.4_Rt=1.8.log
5.9,7.2,65,1.7,9,-25.979674542089924,-3.797149606340099,-4.596343832352432,3,Done,naphthalene_theta=65_A2=9_a=5.9_b=7.2_Rt=1.7.log
5.9,7.2,65,1.8,9,-26.13343206210993,-3.797149606340099,-4.6347832123574335,3,Done,naphthalene_theta=65_A2=9_a=5.9_b=7.2_Rt=1.8.log
5.9,7.4,65,1.7,9,-26.284385867766105,-3.797149606340099,-4.672521663771477,3,Done,naphthalene_theta=65_A2=9_a=5.9_b=7.4_Rt=1.7.log
5.9,7.4,65,1.8,9,-26.32646166870836,-3.797149606340099,-4.683040614007041,3,Done,naphthalene_theta=65_A2=9_a=5.9_b=7.4_Rt=1.8.log
6.0,7.2,65,1.7,9,-25.95503849966917,-3.675956090039108,-4.650781579897739,3,Done,naphthalene_theta=65_A2=9_a=6.0_b=7.2_Rt=1.7.log
6.0,7.2,65,1.8,9,-26.08389140281361,-3.675956090039108,-4.682994805683848,3,Done,naphthalene_theta=65_A2=9_a=6.0_b=7.2_Rt=1.8.log
6.0,7.3,65,1.7,9,-26.113489794777703,-3.675956090039108,-4.690394403674873,3,Done,naphthalene_theta=65_A2=9_a=6.0_b=7.3_Rt=1.7.log
6.0,7.3,65,1.8,9,-26.185457661515105,-3.675956090039108,-4.7083863703592215,3,Done,naphthalene_theta=65_A2=9_a=6.0_b=7.3_Rt=1.8.log
6.0,7.4,65,1.7,9,-26.093188590952195,-3.675956090039108,-4.685319102718495,3,Done,naphthalene_theta=65_A2=9_a=6.0_b=7.4_Rt=1.7.log
6.0,7.4,65,1.8,9,-26.117804553359747,-3.675956090039108,-4.691473093320383,3,Done,naphthalene_theta=65_A2=9_a=6.0_b=7.4_Rt=1.8.log
5.8,7.3,65,1.7,10,-26.290900677093305,-3.8713131307740696,-4.637068603886291,3,Done,naphthalene_theta=65_A2=10_a=5.8_b=7.3_Rt=1.7.log
5.8,7.3,65,1.9,10,-26.333937822724693,-3.8713131307740696,-4.647827890294138,3,Done,naphthalene_theta=65_A2=10_a=5.8_b=7.3_Rt=1.9.log
5.8,7.4,65,1.7,10,-26.43468078819569,-3.8713131307740696,-4.673013631661888,3,Done,naphthalene_theta=65_A2=10_a=5.8_b=7.4_Rt=1.7.log
5.8,7.4,65,1.9,10,-26.40199755737558,-3.8713131307740696,-4.66484282395686,3,Done,naphthalene_theta=65_A2=10_a=5.8_b=7.4_Rt=1.9.log
5.8,7.5,65,1.7,10,-26.40515518770553,-3.8713131307740696,-4.665632231539348,3,Done,naphthalene_theta=65_A2=10_a=5.8_b=7.5_Rt=1.7.log
5.8,7.5,65,1.9,10,-26.31074756302405,-3.8713131307740696,-4.642030325368978,3,Done,naphthalene_theta=65_A2=10_a=5.8_b=7.5_Rt=1.9.log
5.9,7.3,65,1.7,10,-26.415569343720563,-3.831512681557797,-4.688135995151242,3,Done,naphthalene_theta=65_A2=10_a=5.9_b=7.3_Rt=1.7.log
5.9,7.3,65,1.9,10,-26.428890125826,-3.831512681557797,-4.691466190677602,3,Done,naphthalene_theta=65_A2=10_a=5.9_b=7.3_Rt=1.9.log
5.9,7.5,65,1.7,10,-26.372002579504624,-3.831512681557797,-4.6772443040972576,3,Done,naphthalene_theta=65_A2=10_a=5.9_b=7.5_Rt=1.7.log
5.9,7.5,65,1.9,10,-26.257446863804944,-3.831512681557797,-4.6486053751723375,3,Done,naphthalene_theta=65_A2=10_a=5.9_b=7.5_Rt=1.9.log
6.0,7.3,65,1.7,10,-26.280427534831688,-3.6991739600198335,-4.720519903698005,3,Done,naphthalene_theta=65_A2=10_a=6.0_b=7.3_Rt=1.7.log
6.0,7.3,65,1.9,10,-26.264029443613254,-3.6991739600198335,-4.716420380893396,3,Done,naphthalene_theta=65_A2=10_a=6.0_b=7.3_Rt=1.9.log
6.0,7.4,65,1.7,10,-26.261996311252005,-3.6991739600198335,-4.715912097803084,3,Done,naphthalene_theta=65_A2=10_a=6.0_b=7.4_Rt=1.7.log
6.0,7.4,65,1.9,10,-26.180138886673376,-3.6991739600198335,-4.695447741658427,3,Done,naphthalene_theta=65_A2=10_a=6.0_b=7.4_Rt=1.9.log
6.0,7.5,65,1.7,10,-26.09732262697071,-3.6991739600198335,-4.67474367673276,3,Done,naphthalene_theta=65_A2=10_a=6.0_b=7.5_Rt=1.7.log
6.0,7.5,65,1.9,10,-25.96279201284051,-3.6991739600198335,-4.64111102320021,3,Done,naphthalene_theta=65_A2=10_a=6.0_b=7.5_Rt=1.9.log
5.8,7.3,65,1.6,11,-26.328748314641416,-3.916510793496855,-4.623931681911927,3,Done,naphthalene_theta=65_A2=11_a=5.8_b=7.3_Rt=1.6.log
5.8,7.3,65,1.7,11,-26.47305804444477,-3.916510793496855,-4.660009114362765,3,Done,naphthalene_theta=65_A2=11_a=5.8_b=7.3_Rt=1.7.log
5.8,7.4,65,1.6,11,-26.534855229547247,-3.916510793496855,-4.6754584106383845,3,Done,naphthalene_theta=65_A2=11_a=5.8_b=7.4_Rt=1.6.log
5.8,7.4,65,1.7,11,-26.625088657368902,-3.916510793496855,-4.698016767593799,3,Done,naphthalene_theta=65_A2=11_a=5.8_b=7.4_Rt=1.7.log
5.8,7.5,65,1.6,11,-26.55622570984997,-3.916510793496855,-4.680801030714065,3,Done,naphthalene_theta=65_A2=11_a=5.8_b=7.5_Rt=1.6.log
5.8,7.5,65,1.7,11,-26.601147896028124,-3.916510793496855,-4.692031577258604,3,Done,naphthalene_theta=65_A2=11_a=5.8_b=7.5_Rt=1.7.log
5.9,7.3,65,1.6,11,-26.452131841215305,-3.862095636373851,-4.6819851421169005,3,Done,naphthalene_theta=65_A2=11_a=5.9_b=7.3_Rt=1.6.log
5.9,7.3,65,1.7,11,-26.576506833196618,-3.862095636373851,-4.713078890112229,3,Done,naphthalene_theta=65_A2=11_a=5.9_b=7.3_Rt=1.7.log
5.9,7.5,65,1.6,11,-26.513655431452207,-3.862095636373851,-4.697366039676126,3,Done,naphthalene_theta=65_A2=11_a=5.9_b=7.5_Rt=1.6.log
5.9,7.5,65,1.7,11,-26.54428795981221,-3.862095636373851,-4.705024171766127,3,Done,naphthalene_theta=65_A2=11_a=5.9_b=7.5_Rt=1.7.log
6.0,7.3,65,1.6,11,-26.323806046159007,-3.720470394473523,-4.72071631430299,3,Done,naphthalene_theta=65_A2=11_a=6.0_b=7.3_Rt=1.6.log
6.0,7.3,65,1.7,11,-26.42784218431916,-3.720470394473523,-4.746725348843029,3,Done,naphthalene_theta=65_A2=11_a=6.0_b=7.3_Rt=1.7.log
6.0,7.4,65,1.6,11,-26.35940845368896,-3.720470394473523,-4.729616916185478,3,Done,naphthalene_theta=65_A2=11_a=6.0_b=7.4_Rt=1.6.log
6.0,7.4,65,1.7,11,-26.415422506514005,-3.720470394473523,-4.74362042939174,3,Done,naphthalene_theta=65_A2=11_a=6.0_b=7.4_Rt=1.7.log
6.0,7.5,65,1.6,11,-26.237985268584453,-3.720470394473523,-4.699261119909352,3,Done,naphthalene_theta=65_A2=11_a=6.0_b=7.5_Rt=1.6.log
6.0,7.5,65,1.7,11,-26.25419259688352,-3.720470394473523,-4.703312951984117,3,Done,naphthalene_theta=65_A2=11_a=6.0_b=7.5_Rt=1.7.log
5.8,7.3,65,1.6,12,-26.502111757872623,-3.9525537129375152,-4.649251082999399,3,Done,naphthalene_theta=65_A2=12_a=5.8_b=7.3_Rt=1.6.log
5.8,7.3,65,1.8,12,-26.59261626994703,-3.9525537129375152,-4.671877211018,3,Done,naphthalene_theta=65_A2=12_a=5.8_b=7.3_Rt=1.8.log
5.8,7.4,65,1.6,12,-26.71492047898937,-3.9525537129375152,-4.702453263278585,3,Done,naphthalene_theta=65_A2=12_a=5.8_b=7.4_Rt=1.6.log
5.8,7.4,65,1.8,12,-26.730783931794576,-3.9525537129375152,-4.706419126479887,3,Done,naphthalene_theta=65_A2=12_a=5.8_b=7.4_Rt=1.8.log
5.8,7.5,65,1.6,12,-26.74039487494156,-3.9525537129375152,-4.708821862266632,3,Done,naphthalene_theta=65_A2=12_a=5.8_b=7.5_Rt=1.6.log
5.8,7.5,65,1.8,12,-26.69399176572915,-3.9525537129375152,-4.69722108496353,3,Done,naphthalene_theta=65_A2=12_a=5.8_b=7.5_Rt=1.8.log
5.9,7.3,65,1.6,12,-26.61222093726974,-3.887300830509048,-4.709404819062911,3,Done,naphthalene_theta=65_A2=12_a=5.9_b=7.3_Rt=1.6.log
5.9,7.3,65,1.8,12,-26.674492519465275,-3.887300830509048,-4.724972714611795,3,Done,naphthalene_theta=65_A2=12_a=5.9_b=7.3_Rt=1.8.log
5.9,7.5,65,1.6,12,-26.68195235868916,-3.887300830509048,-4.726837674417766,3,Done,naphthalene_theta=65_A2=12_a=5.9_b=7.5_Rt=1.6.log
5.9,7.5,65,1.8,12,-26.615451358724385,-3.887300830509048,-4.710212424426572,3,Done,naphthalene_theta=65_A2=12_a=5.9_b=7.5_Rt=1.8.log
6.0,7.3,65,1.6,12,-26.4759885162348,-3.739135679381434,-4.749429289367981,3,Done,naphthalene_theta=65_A2=12_a=6.0_b=7.3_Rt=1.6.log
6.0,7.3,65,1.8,12,-26.509477470070124,-3.739135679381434,-4.757801527826814,3,Done,naphthalene_theta=65_A2=12_a=6.0_b=7.3_Rt=1.8.log
6.0,7.4,65,1.6,12,-26.515965923317708,-3.739135679381434,-4.75942364113871,3,Done,naphthalene_theta=65_A2=12_a=6.0_b=7.4_Rt=1.6.log
6.0,7.4,65,1.8,12,-26.483440825133584,-3.739135679381434,-4.751292366592679,3,Done,naphthalene_theta=65_A2=12_a=6.0_b=7.4_Rt=1.8.log
6.0,7.5,65,1.6,12,-26.39644534885884,-3.739135679381434,-4.729543497523991,3,Done,naphthalene_theta=65_A2=12_a=6.0_b=7.5_Rt=1.6.log
6.0,7.5,65,1.8,12,-26.309761117678136,-3.739135679381434,-4.707872439728817,3,Done,naphthalene_theta=65_A2=12_a=6.0_b=7.5_Rt=1.8.log
5.8,7.3,65,1.6,13,-26.626387603464536,-3.977116336871404,-4.668038732430432,3,Done,naphthalene_theta=65_A2=13_a=5.8_b=7.3_Rt=1.6.log
5.8,7.3,65,1.8,13,-26.60905075701885,-3.977116336871404,-4.66370452081901,3,Done,naphthalene_theta=65_A2=13_a=5.8_b=7.3_Rt=1.8.log
5.8,7.4,65,1.6,13,-26.8519096771488,-3.977116336871404,-4.724419250851497,3,Done,naphthalene_theta=65_A2=13_a=5.8_b=7.4_Rt=1.6.log
5.8,7.4,65,1.8,13,-26.7797159064794,-3.977116336871404,-4.706370808184147,3,Done,naphthalene_theta=65_A2=13_a=5.8_b=7.4_Rt=1.8.log
5.8,7.5,65,1.6,13,-26.885918209329247,-3.977116336871404,-4.73292138389661,3,Done,naphthalene_theta=65_A2=13_a=5.8_b=7.5_Rt=1.6.log
5.8,7.5,65,1.8,13,-26.768247533822432,-3.977116336871404,-4.703503715019906,3,Done,naphthalene_theta=65_A2=13_a=5.8_b=7.5_Rt=1.8.log
5.9,7.3,65,1.6,13,-26.735699845128693,-3.905552586424165,-4.731148668070091,3,Done,naphthalene_theta=65_A2=13_a=5.9_b=7.3_Rt=1.6.log
5.9,7.3,65,1.8,13,-26.696739004459232,-3.905552586424165,-4.721408457902726,3,Done,naphthalene_theta=65_A2=13_a=5.9_b=7.3_Rt=1.8.log
5.9,7.5,65,1.6,13,-26.82276058255229,-3.905552586424165,-4.752913852425991,3,Done,naphthalene_theta=65_A2=13_a=5.9_b=7.5_Rt=1.6.log
5.9,7.5,65,1.8,13,-26.68981380376499,-3.905552586424165,-4.719677157729166,3,Done,naphthalene_theta=65_A2=13_a=5.9_b=7.5_Rt=1.8.log
6.0,7.3,65,1.6,13,-26.60100356885232,-3.754095517797396,-4.773203133314382,3,Done,naphthalene_theta=65_A2=13_a=6.0_b=7.3_Rt=1.6.log
6.0,7.3,65,1.8,13,-26.540167729137465,-3.754095517797396,-4.7579941733856685,3,Done,naphthalene_theta=65_A2=13_a=6.0_b=7.3_Rt=1.8.log
6.0,7.4,65,1.6,13,-26.649939308408648,-3.754095517797396,-4.785437068203464,3,Done,naphthalene_theta=65_A2=13_a=6.0_b=7.4_Rt=1.6.log
6.0,7.4,65,1.8,13,-26.54090317094233,-3.754095517797396,-4.758178033836884,3,Done,naphthalene_theta=65_A2=13_a=6.0_b=7.4_Rt=1.8.log
6.0,7.5,65,1.6,13,-26.53582284983713,-3.754095517797396,-4.756907953560585,3,Done,naphthalene_theta=65_A2=13_a=6.0_b=7.5_Rt=1.6.log
6.0,7.5,65,1.8,13,-26.387660208856687,-3.754095517797396,-4.719867293315474,3,Done,naphthalene_theta=65_A2=13_a=6.0_b=7.5_Rt=1.8.log
5.7,7.4,65,1.5,14,-26.45137255406007,-3.927540536795277,-4.649072870117379,3,Done,naphthalene_theta=65_A2=14_a=5.7_b=7.4_Rt=1.5.log
5.7,7.4,65,1.6,14,-26.555576864629984,-3.927540536795277,-4.675123947759857,3,Done,naphthalene_theta=65_A2=14_a=5.7_b=7.4_Rt=1.6.log
5.7,7.5,65,1.5,14,-26.633907682960853,-3.927540536795277,-4.694706652342575,3,Done,naphthalene_theta=65_A2=14_a=5.7_b=7.5_Rt=1.5.log
5.7,7.5,65,1.6,14,-26.696347438031808,-3.927540536795277,-4.710316591110313,3,Done,naphthalene_theta=65_A2=14_a=5.7_b=7.5_Rt=1.6.log
5.7,7.6,65,1.5,14,-26.63424402812961,-3.927540536795277,-4.694790738634765,3,Done,naphthalene_theta=65_A2=14_a=5.7_b=7.6_Rt=1.5.log
5.7,7.6,65,1.6,14,-26.661518122884445,-3.927540536795277,-4.701609262323473,3,Done,naphthalene_theta=65_A2=14_a=5.7_b=7.6_Rt=1.6.log
5.8,7.4,65,1.5,14,-26.843404406216,-3.987975397321861,-4.716863402893068,3,Done,naphthalene_theta=65_A2=14_a=5.8_b=7.4_Rt=1.5.log
5.8,7.4,65,1.6,14,-26.93364034430124,-3.987975397321861,-4.739422387414379,3,Done,naphthalene_theta=65_A2=14_a=5.8_b=7.4_Rt=1.6.log
5.8,7.6,65,1.5,14,-26.85256354243029,-3.987975397321861,-4.719153186946642,3,Done,naphthalene_theta=65_A2=14_a=5.8_b=7.6_Rt=1.5.log
5.8,7.6,65,1.6,14,-26.869521372485902,-3.987975397321861,-4.723392644460546,3,Done,naphthalene_theta=65_A2=14_a=5.8_b=7.6_Rt=1.6.log
5.9,7.4,65,1.5,14,-26.88463306846097,-3.915404493396636,-4.763456020416925,3,Done,naphthalene_theta=65_A2=14_a=5.9_b=7.4_Rt=1.5.log
5.9,7.4,65,1.6,14,-26.960175232379697,-3.915404493396636,-4.782341561396606,3,Done,naphthalene_theta=65_A2=14_a=5.9_b=7.4_Rt=1.6.log
5.9,7.5,65,1.5,14,-26.8894648954738,-3.915404493396636,-4.76466397717013,3,Done,naphthalene_theta=65_A2=14_a=5.9_b=7.5_Rt=1.5.log
5.9,7.5,65,1.6,14,-26.927110475488007,-3.915404493396636,-4.774075372173684,3,Done,naphthalene_theta=65_A2=14_a=5.9_b=7.5_Rt=1.6.log
5.9,7.6,65,1.5,14,-26.74078267614823,-3.915404493396636,-4.727493422338739,3,Done,naphthalene_theta=65_A2=14_a=5.9_b=7.6_Rt=1.5.log
5.9,7.6,65,1.6,14,-26.747060286230408,-3.915404493396636,-4.729062824859284,3,Done,naphthalene_theta=65_A2=14_a=5.9_b=7.6_Rt=1.6.log
5.7,7.4,65,1.5,15,-26.47682435985189,-3.917490336636547,-4.660460921644699,3,Done,naphthalene_theta=65_A2=15_a=5.7_b=7.4_Rt=1.5.log
5.7,7.4,65,1.7,15,-26.46360648900736,-3.917490336636547,-4.657156453933567,3,Done,naphthalene_theta=65_A2=15_a=5.7_b=7.4_Rt=1.7.log
5.7,7.5,65,1.5,15,-26.67739161569625,-3.917490336636547,-4.710602735605789,3,Done,naphthalene_theta=65_A2=15_a=5.7_b=7.5_Rt=1.5.log
5.7,7.5,65,1.7,15,-26.616518126102164,-3.917490336636547,-4.695384363207268,3,Done,naphthalene_theta=65_A2=15_a=5.7_b=7.5_Rt=1.7.log
5.7,7.6,65,1.5,15,-26.689992016763423,-3.917490336636547,-4.713752835872583,3,Done,naphthalene_theta=65_A2=15_a=5.7_b=7.6_Rt=1.5.log
5.7,7.6,65,1.7,15,-26.589899151586,-3.917490336636547,-4.6887296195782255,3,Done,naphthalene_theta=65_A2=15_a=5.7_b=7.6_Rt=1.7.log
5.8,7.4,65,1.5,15,-26.898414443130605,-3.983191261184402,-4.73300798019045,3,Done,naphthalene_theta=65_A2=15_a=5.8_b=7.4_Rt=1.5.log
5.8,7.4,65,1.7,15,-26.8672849269351,-3.983191261184402,-4.725225601141574,3,Done,naphthalene_theta=65_A2=15_a=5.8_b=7.4_Rt=1.7.log
5.8,7.6,65,1.5,15,-26.93095460184849,-3.983191261184402,-4.741143019869924,3,Done,naphthalene_theta=65_A2=15_a=5.8_b=7.6_Rt=1.5.log
5.8,7.6,65,1.7,15,-26.81814085401129,-3.983191261184402,-4.7129395829106215,3,Done,naphthalene_theta=65_A2=15_a=5.8_b=7.6_Rt=1.7.log
5.9,7.4,65,1.5,15,-26.963635322637856,-3.915495482331608,-4.78316108949366,3,Done,naphthalene_theta=65_A2=15_a=5.9_b=7.4_Rt=1.5.log
5.9,7.4,65,1.7,15,-26.914119763532653,-3.915495482331608,-4.77078219971736,3,Done,naphthalene_theta=65_A2=15_a=5.9_b=7.4_Rt=1.7.log
5.9,7.5,65,1.5,15,-26.97956403635908,-3.915495482331608,-4.787143267923966,3,Done,naphthalene_theta=65_A2=15_a=5.9_b=7.5_Rt=1.5.log
5.9,7.5,65,1.7,15,-26.88779697392601,-3.915495482331608,-4.7642015023157,3,Done,naphthalene_theta=65_A2=15_a=5.9_b=7.5_Rt=1.7.log
5.9,7.6,65,1.5,15,-26.8377568165306,-3.915495482331608,-4.751691462966846,3,Done,naphthalene_theta=65_A2=15_a=5.9_b=7.6_Rt=1.5.log
5.9,7.6,65,1.7,15,-26.712084133760072,-3.915495482331608,-4.720273292274214,3,Done,naphthalene_theta=65_A2=15_a=5.9_b=7.6_Rt=1.7.log
5.8,7.4,65,1.4,16,-26.75725104857701,-3.960349269618746,-4.709138127334882,3,Done,naphthalene_theta=65_A2=16_a=5.8_b=7.4_Rt=1.4.log
5.8,7.4,65,1.5,16,-26.87815842055716,-3.9603486420819536,-4.739365284098312,3,Done,naphthalene_theta=65_A2=16_a=5.8_b=7.4_Rt=1.5.log
5.8,7.5,65,1.4,16,-26.9230053051142,-3.9603486420819536,-4.750577005237574,3,Done,naphthalene_theta=65_A2=16_a=5.8_b=7.5_Rt=1.4.log
5.8,7.5,65,1.5,16,-27.003037930466235,-3.9603486420819536,-4.770585161575582,3,Done,naphthalene_theta=65_A2=16_a=5.8_b=7.5_Rt=1.5.log
5.8,7.6,65,1.4,16,-26.903479703818448,-3.9603486420819536,-4.745695604913635,3,Done,naphthalene_theta=65_A2=16_a=5.8_b=7.6_Rt=1.4.log
5.8,7.6,65,1.5,16,-26.948803496314213,-3.9603486420819536,-4.757026553037576,3,Done,naphthalene_theta=65_A2=16_a=5.8_b=7.6_Rt=1.5.log
5.9,7.4,65,1.4,16,-26.878858721232973,-3.903993223968428,-4.767718068324029,3,Done,naphthalene_theta=65_A2=16_a=5.9_b=7.4_Rt=1.4.log
5.9,7.4,65,1.5,16,-26.984692047932185,-3.903993223968428,-4.7941763999988325,3,Done,naphthalene_theta=65_A2=16_a=5.9_b=7.4_Rt=1.5.log
5.9,7.6,65,1.4,16,-26.85567097179592,-3.903993223968428,-4.761921130964765,3,Done,naphthalene_theta=65_A2=16_a=5.9_b=7.6_Rt=1.4.log
5.9,7.6,65,1.5,16,-26.889727194677107,-3.903993223968428,-4.770435186685063,3,Done,naphthalene_theta=65_A2=16_a=5.9_b=7.6_Rt=1.5.log
6.0,7.4,65,1.4,16,-26.752133076894097,-3.7658701153704897,-4.805098211538279,3,Done,naphthalene_theta=65_A2=16_a=6.0_b=7.4_Rt=1.4.log
6.0,7.4,65,1.5,16,-26.842308774008416,-3.7658701153704897,-4.827642135816859,3,Done,naphthalene_theta=65_A2=16_a=6.0_b=7.4_Rt=1.5.log
6.0,7.5,65,1.4,16,-26.744407173711807,-3.7658701153704897,-4.803166735742707,3,Done,naphthalene_theta=65_A2=16_a=6.0_b=7.5_Rt=1.4.log
6.0,7.5,65,1.5,16,-26.79771540348884,-3.7658701153704897,-4.8164937931869645,3,Done,naphthalene_theta=65_A2=16_a=6.0_b=7.5_Rt=1.5.log
6.0,7.6,65,1.4,16,-26.581279674195684,-3.7658701153704897,-4.762384860863676,3,Done,naphthalene_theta=65_A2=16_a=6.0_b=7.6_Rt=1.4.log
6.0,7.6,65,1.5,16,-26.60391772480216,-3.7658701153704897,-4.768044373515295,3,Done,naphthalene_theta=65_A2=16_a=6.0_b=7.6_Rt=1.5.log
5.8,7.4,65,1.4,17,-26.69339437608141,-3.918277861725073,-4.714209663157817,3,Done,naphthalene_theta=65_A2=17_a=5.8_b=7.4_Rt=1.4.log
5.8,7.4,65,1.6,17,-26.70404698594939,-3.918277861725073,-4.716872815624811,3,Done,naphthalene_theta=65_A2=17_a=5.8_b=7.4_Rt=1.6.log
5.8,7.5,65,1.4,17,-26.88346966507379,-3.918277861725073,-4.761728485405911,3,Done,naphthalene_theta=65_A2=17_a=5.8_b=7.5_Rt=1.4.log
5.8,7.5,65,1.6,17,-26.84967950650025,-3.918277861725073,-4.753280945762526,3,Done,naphthalene_theta=65_A2=17_a=5.8_b=7.5_Rt=1.6.log
5.8,7.6,65,1.4,17,-26.880881813936867,-3.918277861725073,-4.76108152262168,3,Done,naphthalene_theta=65_A2=17_a=5.8_b=7.6_Rt=1.4.log
5.8,7.6,65,1.6,17,-26.810066055506468,-3.918277861725073,-4.74337758301408,3,Done,naphthalene_theta=65_A2=17_a=5.8_b=7.6_Rt=1.6.log
5.9,7.4,65,1.4,17,-26.871702597709373,-3.879662151332013,-4.7780945737613365,3,Done,naphthalene_theta=65_A2=17_a=5.9_b=7.4_Rt=1.4.log
5.9,7.4,65,1.6,17,-26.863487236667424,-3.879662151332013,-4.7760407335008495,3,Done,naphthalene_theta=65_A2=17_a=5.9_b=7.4_Rt=1.6.log
5.9,7.6,65,1.4,17,-26.881474183290266,-3.879662151332013,-4.78053747015656,3,Done,naphthalene_theta=65_A2=17_a=5.9_b=7.6_Rt=1.4.log
5.9,7.6,65,1.6,17,-26.79691093566361,-3.879662151332013,-4.759396658249898,3,Done,naphthalene_theta=65_A2=17_a=5.9_b=7.6_Rt=1.6.log
6.0,7.4,65,1.4,17,-26.78858513291925,-3.755171697412152,-4.819560434523737,3,Done,naphthalene_theta=65_A2=17_a=6.0_b=7.4_Rt=1.4.log
6.0,7.4,65,1.6,17,-26.761403909651563,-3.755171697412152,-4.812765128706815,3,Done,naphthalene_theta=65_A2=17_a=6.0_b=7.4_Rt=1.6.log
6.0,7.5,65,1.4,17,-26.79677288350649,-3.755171697412152,-4.821607372170547,3,Done,naphthalene_theta=65_A2=17_a=6.0_b=7.5_Rt=1.4.log
6.0,7.5,65,1.6,17,-26.73044507624581,-3.755171697412152,-4.805025420355378,3,Done,naphthalene_theta=65_A2=17_a=6.0_b=7.5_Rt=1.6.log
6.0,7.6,65,1.4,17,-26.64388634706848,-3.755171697412152,-4.7833857380610425,3,Done,naphthalene_theta=65_A2=17_a=6.0_b=7.6_Rt=1.4.log
6.0,7.6,65,1.6,17,-26.54589940526057,-3.755171697412152,-4.758889002609067,3,Done,naphthalene_theta=65_A2=17_a=6.0_b=7.6_Rt=1.6.log
5.8,7.4,65,1.3,18,-26.382717939908616,-3.85614621406421,-4.667606377945049,3,Done,naphthalene_theta=65_A2=18_a=5.8_b=7.4_Rt=1.3.log
5.8,7.4,65,1.4,18,-26.534911705181003,-3.85614621406421,-4.705654819263145,3,Done,naphthalene_theta=65_A2=18_a=5.8_b=7.4_Rt=1.4.log
5.8,7.5,65,1.3,18,-26.64971340482589,-3.85614621406421,-4.734355244174367,3,Done,naphthalene_theta=65_A2=18_a=5.8_b=7.5_Rt=1.3.log
5.8,7.5,65,1.4,18,-26.760049743345007,-3.85614621406421,-4.7619393288041465,3,Done,naphthalene_theta=65_A2=18_a=5.8_b=7.5_Rt=1.4.log
5.8,7.6,65,1.3,18,-26.708900148281828,-3.85614621406421,-4.749151930038352,3,Done,naphthalene_theta=65_A2=18_a=5.8_b=7.6_Rt=1.3.log
5.8,7.6,65,1.4,18,-26.783207372180183,-3.85614621406421,-4.767728736012941,3,Done,naphthalene_theta=65_A2=18_a=5.8_b=7.6_Rt=1.4.log
5.9,7.4,65,1.3,18,-26.65067474998068,-3.8413733735797,-4.74198200070532,3,Done,naphthalene_theta=65_A2=18_a=5.9_b=7.4_Rt=1.3.log
5.9,7.4,65,1.4,18,-26.787371528567743,-3.8413733735797,-4.776156195352087,3,Done,naphthalene_theta=65_A2=18_a=5.9_b=7.4_Rt=1.4.log
5.9,7.6,65,1.3,18,-26.785606970544904,-3.8413733735797,-4.775715055846376,3,Done,naphthalene_theta=65_A2=18_a=5.9_b=7.6_Rt=1.3.log
5.9,7.6,65,1.4,18,-26.84797393425833,-3.8413733735797,-4.791306796774734,3,Done,naphthalene_theta=65_A2=18_a=5.9_b=7.6_Rt=1.4.log
6.0,7.4,65,1.3,18,-26.64223725080956,-3.7353875621338375,-4.792865531635471,3,Done,naphthalene_theta=65_A2=18_a=6.0_b=7.4_Rt=1.3.log
6.0,7.4,65,1.4,18,-26.762776901596222,-3.7353875621338375,-4.823000444332138,3,Done,naphthalene_theta=65_A2=18_a=6.0_b=7.4_Rt=1.4.log
6.0,7.5,65,1.3,18,-26.713399394764565,-3.7353875621338375,-4.810656067624223,3,Done,naphthalene_theta=65_A2=18_a=6.0_b=7.5_Rt=1.3.log
6.0,7.5,65,1.4,18,-26.79580902820453,-3.7353875621338375,-4.831258475984214,3,Done,naphthalene_theta=65_A2=18_a=6.0_b=7.5_Rt=1.4.log
6.0,7.6,65,1.3,18,-26.610146389342844,-3.7353875621338375,-4.784842816268792,3,Done,naphthalene_theta=65_A2=18_a=6.0_b=7.6_Rt=1.3.log
6.0,7.6,65,1.4,18,-26.660404920461588,-3.7353875621338375,-4.797407449048478,3,Done,naphthalene_theta=65_A2=18_a=6.0_b=7.6_Rt=1.4.log
5.8,7.4,65,1.3,19,-26.16714189958293,-3.773867730342317,-4.654851609724574,3,Done,naphthalene_theta=65_A2=19_a=5.8_b=7.4_Rt=1.3.log
5.8,7.4,65,1.5,19,-26.22019159491174,-3.773867730342317,-4.668114033556776,3,Done,naphthalene_theta=65_A2=19_a=5.8_b=7.4_Rt=1.5.log
5.8,7.5,65,1.3,19,-26.47295513318386,-3.773867730342317,-4.731304918124806,3,Done,naphthalene_theta=65_A2=19_a=5.8_b=7.5_Rt=1.3.log
5.8,7.5,65,1.5,19,-26.482420493848625,-3.773867730342317,-4.733671258290997,3,Done,naphthalene_theta=65_A2=19_a=5.8_b=7.5_Rt=1.5.log
5.8,7.6,65,1.3,19,-26.560756332124583,-3.773867730342317,-4.753255217859987,3,Done,naphthalene_theta=65_A2=19_a=5.8_b=7.6_Rt=1.3.log
5.8,7.6,65,1.5,19,-26.533291474566795,-3.773867730342317,-4.74638900347054,3,Done,naphthalene_theta=65_A2=19_a=5.8_b=7.6_Rt=1.5.log
5.9,7.4,65,1.3,19,-26.523319085594267,-3.788399606884923,-4.736629967956105,3,Done,naphthalene_theta=65_A2=19_a=5.9_b=7.4_Rt=1.3.log
5.9,7.4,65,1.5,19,-26.557320087216794,-3.788399606884923,-4.745130218361737,3,Done,naphthalene_theta=65_A2=19_a=5.9_b=7.4_Rt=1.5.log
5.9,7.6,65,1.3,19,-26.71460421383381,-3.788399606884923,-4.784451250015991,3,Done,naphthalene_theta=65_A2=19_a=5.9_b=7.6_Rt=1.3.log
5.9,7.6,65,1.5,19,-26.672505822964013,-3.788399606884923,-4.773926652298542,3,Done,naphthalene_theta=65_A2=19_a=5.9_b=7.6_Rt=1.5.log
6.0,7.4,65,1.3,19,-26.585296993493102,-3.705395094119013,-4.7936267013137694,3,Done,naphthalene_theta=65_A2=19_a=6.0_b=7.4_Rt=1.3.log
6.0,7.4,65,1.5,19,-26.600194080616347,-3.705395094119013,-4.797350973094581,3,Done,naphthalene_theta=65_A2=19_a=6.0_b=7.4_Rt=1.5.log
6.0,7.5,65,1.3,19,-26.683866264065728,-3.705395094119013,-4.818269018956926,3,Done,naphthalene_theta=65_A2=19_a=6.0_b=7.5_Rt=1.3.log
6.0,7.5,65,1.5,19,-26.65976485970896,-3.705395094119013,-4.812243667867733,3,Done,naphthalene_theta=65_A2=19_a=6.0_b=7.5_Rt=1.5.log
6.0,7.6,65,1.3,19,-26.600005827727728,-3.705395094119013,-4.797303909872426,3,Done,naphthalene_theta=65_A2=19_a=6.0_b=7.6_Rt=1.3.log
6.0,7.6,65,1.5,19,-26.543587658787143,-3.705395094119013,-4.78319936763728,3,Done,naphthalene_theta=65_A2=19_a=6.0_b=7.6_Rt=1.5.log
5.9,7.4,65,1.3,20,-26.3011353649199,-3.720756539027207,-4.714905571716372,3,Done,naphthalene_theta=65_A2=20_a=5.9_b=7.4_Rt=1.3.log
5.9,7.4,65,1.5,20,-26.20605002983939,-3.720756539027207,-4.691134237946244,3,Done,naphthalene_theta=65_A2=20_a=5.9_b=7.4_Rt=1.5.log
5.9,7.5,65,1.3,20,-26.54175532970112,-3.720756539027207,-4.775060562911676,3,Done,naphthalene_theta=65_A2=20_a=5.9_b=7.5_Rt=1.3.log
5.9,7.5,65,1.5,20,-26.42780704365577,-3.720756539027207,-4.746573491400341,3,Done,naphthalene_theta=65_A2=20_a=5.9_b=7.5_Rt=1.5.log
5.9,7.6,65,1.3,20,-26.571476713055745,-3.720756539027207,-4.782490908750333,3,Done,naphthalene_theta=65_A2=20_a=5.9_b=7.6_Rt=1.3.log
5.9,7.6,65,1.5,20,-26.442433046759103,-3.720756539027207,-4.750229992176173,3,Done,naphthalene_theta=65_A2=20_a=5.9_b=7.6_Rt=1.5.log
6.0,7.4,65,1.3,20,-26.448256339179352,-3.6650587513577193,-4.779534709115978,3,Done,naphthalene_theta=65_A2=20_a=6.0_b=7.4_Rt=1.3.log
6.0,7.4,65,1.5,20,-26.34175032225903,-3.6650587513577193,-4.752908204885898,3,Done,naphthalene_theta=65_A2=20_a=6.0_b=7.4_Rt=1.5.log
6.0,7.6,65,1.3,20,-26.53050282003824,-3.6650587513577193,-4.8000963293307,3,Done,naphthalene_theta=65_A2=20_a=6.0_b=7.6_Rt=1.3.log
6.0,7.6,65,1.5,20,-26.392812065780163,-3.6650587513577193,-4.765673640766181,3,Done,naphthalene_theta=65_A2=20_a=6.0_b=7.6_Rt=1.5.log
6.1,7.4,65,1.3,20,-26.363359256763943,-3.5400449541630223,-4.8208173371094745,3,Done,naphthalene_theta=65_A2=20_a=6.1_b=7.4_Rt=1.3.log
6.1,7.4,65,1.5,20,-26.246323621366173,-3.5400449541630223,-4.791558428260032,3,Done,naphthalene_theta=65_A2=20_a=6.1_b=7.4_Rt=1.5.log
6.1,7.5,65,1.3,20,-26.410824112943374,-3.5400449541630223,-4.832683551154332,3,Done,naphthalene_theta=65_A2=20_a=6.1_b=7.5_Rt=1.3.log
6.1,7.5,65,1.5,20,-26.2777192016365,-3.5400449541630223,-4.799407323327614,3,Done,naphthalene_theta=65_A2=20_a=6.1_b=7.5_Rt=1.5.log
6.1,7.6,65,1.3,20,-26.28293506498449,-3.5400449541630223,-4.80071128916461,3,Done,naphthalene_theta=65_A2=20_a=6.1_b=7.6_Rt=1.3.log
6.1,7.6,65,1.5,20,-26.13744561630301,-3.5400449541630223,-4.764338926994242,3,Done,naphthalene_theta=65_A2=20_a=6.1_b=7.6_Rt=1.5.log
5.8,7.5,65,1.7,9,-26.183951637358405,-3.81952661293326,-4.6362246028729714,3,Done,naphthalene_theta=65_A2=9_a=5.8_b=7.5_Rt=1.7.log
5.8,7.5,65,1.8,9,-26.19882362463977,-3.81952661293326,-4.639942599693313,3,Done,naphthalene_theta=65_A2=9_a=5.8_b=7.5_Rt=1.8.log
5.8,7.5,65,1.9,9,-26.14132362802048,-3.81952661293326,-4.6255676005384885,3,Done,naphthalene_theta=65_A2=9_a=5.8_b=7.5_Rt=1.9.log
5.9,7.5,65,1.7,9,-26.182056557154283,-3.797149606340099,-4.646939336118521,3,Done,naphthalene_theta=65_A2=9_a=5.9_b=7.5_Rt=1.7.log
5.9,7.5,65,1.8,9,-26.18245063361246,-3.797149606340099,-4.647037855233066,3,Done,naphthalene_theta=65_A2=9_a=5.9_b=7.5_Rt=1.8.log
5.9,7.5,65,1.9,9,-26.11457413178869,-3.797149606340099,-4.630068729777122,3,Done,naphthalene_theta=65_A2=9_a=5.9_b=7.5_Rt=1.9.log
6.0,7.5,65,1.7,9,-25.9280982404016,-3.675956090039108,-4.644046515080845,3,Done,naphthalene_theta=65_A2=9_a=6.0_b=7.5_Rt=1.7.log
6.0,7.5,65,1.8,9,-25.91412233747542,-3.675956090039108,-4.640552539349301,3,Done,naphthalene_theta=65_A2=9_a=6.0_b=7.5_Rt=1.8.log
6.0,7.5,65,1.9,9,-25.836014912696555,-3.675956090039108,-4.621025683154585,3,Done,naphthalene_theta=65_A2=9_a=6.0_b=7.5_Rt=1.9.log
5.7,7.4,65,1.5,13,-26.34628596459516,-3.9138815266196616,-4.629630727838958,3,Done,naphthalene_theta=65_A2=13_a=5.7_b=7.4_Rt=1.5.log
5.7,7.4,65,1.6,13,-26.485239268746227,-3.9138815266196616,-4.664369053876726,3,Done,naphthalene_theta=65_A2=13_a=5.7_b=7.4_Rt=1.6.log
5.7,7.4,65,1.7,13,-26.519410953391343,-3.9138815266196616,-4.672911975038005,3,Done,naphthalene_theta=65_A2=13_a=5.7_b=7.4_Rt=1.7.log
5.7,7.5,65,1.5,13,-26.518042981624603,-3.9138815266196616,-4.67256998209632,3,Done,naphthalene_theta=65_A2=13_a=5.7_b=7.5_Rt=1.5.log
5.7,7.5,65,1.6,13,-26.60847721272148,-3.9138815266196616,-4.69517853987054,3,Done,naphthalene_theta=65_A2=13_a=5.7_b=7.5_Rt=1.6.log
5.7,7.5,65,1.7,13,-26.60924528504256,-3.9138815266196616,-4.69537055795081,3,Done,naphthalene_theta=65_A2=13_a=5.7_b=7.5_Rt=1.7.log
5.7,7.6,65,1.5,13,-26.511552018113434,-3.9138815266196616,-4.670947241218528,3,Done,naphthalene_theta=65_A2=13_a=5.7_b=7.6_Rt=1.5.log
5.7,7.6,65,1.6,13,-26.561215669382364,-3.9138815266196616,-4.68336315403576,3,Done,naphthalene_theta=65_A2=13_a=5.7_b=7.6_Rt=1.6.log
5.7,7.6,65,1.7,13,-26.53440844232682,-3.9138815266196616,-4.6766613472718745,3,Done,naphthalene_theta=65_A2=13_a=5.7_b=7.6_Rt=1.7.log
5.8,7.4,65,1.5,13,-26.72900807857513,-3.977116336871404,-4.6936938512080815,3,Done,naphthalene_theta=65_A2=13_a=5.8_b=7.4_Rt=1.5.log
5.8,7.5,65,1.5,13,-26.80934441904537,-3.977116336871404,-4.713777936325641,3,Done,naphthalene_theta=65_A2=13_a=5.8_b=7.5_Rt=1.5.log
5.8,7.6,65,1.5,13,-26.72567223547958,-3.977116336871404,-4.6928598904341925,3,Done,naphthalene_theta=65_A2=13_a=5.8_b=7.6_Rt=1.5.log
5.8,7.6,65,1.6,13,-26.76353869889863,-3.977116336871404,-4.702326506288955,3,Done,naphthalene_theta=65_A2=13_a=5.8_b=7.6_Rt=1.6.log
5.8,7.6,65,1.7,13,-26.728455869830213,-3.977116336871404,-4.693555799021851,3,Done,naphthalene_theta=65_A2=13_a=5.8_b=7.6_Rt=1.7.log
5.9,7.4,65,1.5,13,-26.761595927993767,-3.905552586424165,-4.73762268878636,3,Done,naphthalene_theta=65_A2=13_a=5.9_b=7.4_Rt=1.5.log
5.9,7.5,65,1.5,13,-26.76064713287633,-3.905552586424165,-4.737385490007,3,Done,naphthalene_theta=65_A2=13_a=5.9_b=7.5_Rt=1.5.log
5.9,7.6,65,1.5,13,-26.60908840771299,-3.905552586424165,-4.699495808716165,3,Done,naphthalene_theta=65_A2=13_a=5.9_b=7.6_Rt=1.5.log
5.9,7.6,65,1.6,13,-26.63474101619795,-3.905552586424165,-4.705908960837405,3,Done,naphthalene_theta=65_A2=13_a=5.9_b=7.6_Rt=1.6.log
5.9,7.6,65,1.7,13,-26.5911968422588,-3.905552586424165,-4.695022917352617,3,Done,naphthalene_theta=65_A2=13_a=5.9_b=7.6_Rt=1.7.log
