cx,cy,cz,a,b,theta,Rt,A2,E,E_i01,E_ip1,E_ip2,E_it1,E_it2,E_it3,E_it4,machine_type,status,file_name
0.0,0.9,11.4,5.9,7.2,65.0,2.3,0.0,-5.445137703907676,-0.9609813642455264,-0.1082567701814696,-0.1524309642845764,-2.06019439623924,-0.051539906358812,-0.051539906358812,-2.06019439623924,3,Done,anthracene_a=5.9_b=7.2_theta=65.0_Rt=2.3_A2=0.0_cx=0.0_cy=0.9_cz=11.4.log
0.0,0.9,11.3,5.9,7.2,65.0,2.3,1.0,-5.5199130503460765,-0.8867645014543086,-0.1241641486994922,-0.1563102309592068,-2.121441254741512,-0.0548958298750221,-0.0548958298750221,-2.121441254741512,3,Done,anthracene_a=5.9_b=7.2_theta=65.0_Rt=2.3_A2=1.0_cx=0.0_cy=0.9_cz=11.3.log
0.0,1.0,11.3,6.0,7.2,65.0,2.2,2.0,-5.466542069916613,-0.9432579717831686,-0.1192607855191454,-0.1432040570070967,-2.07353023882024,-0.0568793889833614,-0.0568793889833614,-2.07353023882024,3,Done,anthracene_a=6.0_b=7.2_theta=65.0_Rt=2.2_A2=2.0_cx=0.0_cy=1.0_cz=11.3.log
0.0,1.1,11.3,5.9,7.3,65.0,2.2,3.0,-5.610868114628829,-1.0097903470741585,-0.1291503430111333,-0.1450953722232952,-2.1074954724754207,-0.0559205536847002,-0.0559205536847002,-2.1074954724754207,3,Done,anthracene_a=5.9_b=7.3_theta=65.0_Rt=2.2_A2=3.0_cx=0.0_cy=1.1_cz=11.3.log
0.0,1.2,11.2,5.9,7.3,65.0,2.1,4.0,-5.743130907532759,-1.0583345206687227,-0.1441302619641646,-0.1481325206113979,-2.134629632346332,-0.0616371697979047,-0.0616371697979047,-2.134629632346332,3,Done,anthracene_a=5.9_b=7.3_theta=65.0_Rt=2.1_A2=4.0_cx=0.0_cy=1.2_cz=11.2.log
0.0,1.3,11.2,5.9,7.3,65.0,2.1,5.0,-5.866830698796548,-1.1531500265700745,-0.1468272998463362,-0.1423669587820768,-2.151790148403961,-0.060453058395069,-0.060453058395069,-2.151790148403961,3,Done,anthracene_a=5.9_b=7.3_theta=65.0_Rt=2.1_A2=5.0_cx=0.0_cy=1.3_cz=11.2.log
0.0,1.4,11.1,5.9,7.4,65.0,2.0,6.0,-5.999062116257846,-1.24619846441783,-0.1640549594303593,-0.1447477317415177,-2.15654730173992,-0.0654831785941496,-0.0654831785941496,-2.15654730173992,3,Done,anthracene_a=5.9_b=7.4_theta=65.0_Rt=2.0_A2=6.0_cx=0.0_cy=1.4_cz=11.1.log
0.0,1.4,11.0,5.9,7.4,65.0,2.0,7.0,-6.136469235876575,-1.298723561456427,-0.1907868854468688,-0.147046928294003,-2.180560854380019,-0.0693950759596191,-0.0693950759596191,-2.180560854380019,3,Done,anthracene_a=5.9_b=7.4_theta=65.0_Rt=2.0_A2=7.0_cx=0.0_cy=1.4_cz=11.0.log
0.0,1.5,10.9,5.9,7.5,65.0,2.0,8.0,-6.254779970855452,-1.4188264652621,-0.2131726770894602,-0.1490788056980818,-2.166159499785863,-0.0706915116170421,-0.0706915116170421,-2.166159499785863,3,Done,anthracene_a=5.9_b=7.5_theta=65.0_Rt=2.0_A2=8.0_cx=0.0_cy=1.5_cz=10.9.log
0.0,1.5,10.8,5.9,7.5,65.0,1.9,9.0,-6.285022187978029,-1.4461482509505004,-0.2470494318986311,-0.1511433136183768,-2.141293788619805,-0.0790468071354553,-0.0790468071354553,-2.141293788619805,3,Done,anthracene_a=5.9_b=7.5_theta=65.0_Rt=1.9_A2=9.0_cx=0.0_cy=1.5_cz=10.8.log
0.0,1.5,10.8,5.9,7.6,65.0,1.9,10.0,-6.232645183685236,-1.4731951866997406,-0.2591528450138867,-0.1451945188455283,-2.0995336257619783,-0.0780176908010616,-0.0780176908010616,-2.0995336257619783,3,Done,anthracene_a=5.9_b=7.6_theta=65.0_Rt=1.9_A2=10.0_cx=0.0_cy=1.5_cz=10.8.log
0.0,0.8,11.3,5.9,7.2,65.0,2.3,0.0,-5.412854824331589,-0.8490398552967235,-0.1212788576958701,-0.162193764699623,-2.084531116706785,-0.0556400566129013,-0.0556400566129013,-2.084531116706785,3,Done,anthracene_a=5.9_b=7.2_theta=65.0_Rt=2.3_A2=0.0_cx=0.0_cy=0.8_cz=11.3.log
0.0,0.8,11.4,5.9,7.2,65.0,2.3,0.0,-5.315072451136075,-0.9123656543670222,-0.1119979848153889,-0.1518800104968249,-2.017004137916956,-0.0524102628114633,-0.0524102628114633,-2.017004137916956,3,Done,anthracene_a=5.9_b=7.2_theta=65.0_Rt=2.3_A2=0.0_cx=0.0_cy=0.8_cz=11.4.log
0.0,0.8,11.5,5.9,7.2,65.0,2.3,0.0,-5.14914500201121,-0.9183420598274096,-0.1034638488199561,-0.1421598804881796,-1.943209589459002,-0.0493800169788301,-0.0493800169788301,-1.943209589459002,3,Done,anthracene_a=5.9_b=7.2_theta=65.0_Rt=2.3_A2=0.0_cx=0.0_cy=0.8_cz=11.5.log
0.0,0.9,11.3,5.9,7.2,65.0,2.3,0.0,-5.544348289491609,-0.9258646494708956,-0.1172866390552371,-0.1626317666377872,-2.1146258686785586,-0.0546567484852857,-0.0546567484852857,-2.1146258686785586,3,Done,anthracene_a=5.9_b=7.2_theta=65.0_Rt=2.3_A2=0.0_cx=0.0_cy=0.9_cz=11.3.log
0.0,0.9,11.5,5.9,7.2,65.0,2.3,0.0,-5.279082242632285,-0.9454956722911448,-0.0999523028731346,-0.1428350812057033,-1.996795805927832,-0.0486037872033193,-0.0486037872033193,-1.996795805927832,3,Done,anthracene_a=5.9_b=7.2_theta=65.0_Rt=2.3_A2=0.0_cx=0.0_cy=0.9_cz=11.5.log
0.0,1.0,11.3,5.9,7.2,65.0,2.3,0.0,-5.572956470772624,-0.9965222754981368,-0.1132530047325417,-0.1628074696054682,-2.0965134200523607,-0.0536734404158778,-0.0536734404158778,-2.0965134200523607,3,Done,anthracene_a=5.9_b=7.2_theta=65.0_Rt=2.3_A2=0.0_cx=0.0_cy=1.0_cz=11.3.log
0.0,1.0,11.4,5.9,7.2,65.0,2.3,0.0,-5.488463504007086,-1.0037900963798163,-0.1044866901356726,-0.1527547591831535,-2.063062744331546,-0.0506532348226755,-0.0506532348226755,-2.063062744331546,3,Done,anthracene_a=5.9_b=7.2_theta=65.0_Rt=2.3_A2=0.0_cx=0.0_cy=1.0_cz=11.4.log
0.0,1.0,11.5,5.9,7.2,65.0,2.3,0.0,-5.336875913431868,-0.9675589241087436,-0.0964256966253742,-0.1433157538995146,-2.016974645026494,-0.0478131243726238,-0.0478131243726238,-2.016974645026494,3,Done,anthracene_a=5.9_b=7.2_theta=65.0_Rt=2.3_A2=0.0_cx=0.0_cy=1.0_cz=11.5.log
0.0,0.8,11.2,5.9,7.2,65.0,2.3,1.0,-5.350042327772826,-0.6527898677159101,-0.1390612359391525,-0.1661157022463157,-2.136689120263327,-0.0593486406723968,-0.0593486406723968,-2.136689120263327,3,Done,anthracene_a=5.9_b=7.2_theta=65.0_Rt=2.3_A2=1.0_cx=0.0_cy=0.8_cz=11.2.log
0.0,0.8,11.3,5.9,7.2,65.0,2.3,1.0,-5.346865872852504,-0.8102886028354988,-0.1282956744544208,-0.155712841427885,-2.070418416755274,-0.0558659603120759,-0.0558659603120759,-2.070418416755274,3,Done,anthracene_a=5.9_b=7.2_theta=65.0_Rt=2.3_A2=1.0_cx=0.0_cy=0.8_cz=11.3.log
0.0,0.8,11.4,5.9,7.2,65.0,2.3,1.0,-5.252350316382945,-0.8869778548832983,-0.118290655198507,-0.1459061151836067,-1.997981799766421,-0.0526060457923449,-0.0526060457923449,-1.997981799766421,3,Done,anthracene_a=5.9_b=7.2_theta=65.0_Rt=2.3_A2=1.0_cx=0.0_cy=0.8_cz=11.4.log
0.0,0.9,11.2,5.9,7.2,65.0,2.3,1.0,-5.534790057572536,-0.7665875514503568,-0.1346485858084634,-0.166591354762204,-2.175225764454808,-0.0582555183209478,-0.0582555183209478,-2.175225764454808,3,Done,anthracene_a=5.9_b=7.2_theta=65.0_Rt=2.3_A2=1.0_cx=0.0_cy=0.9_cz=11.2.log
0.0,0.9,11.4,5.9,7.2,65.0,2.3,1.0,-5.417652765638195,-0.9359512453665956,-0.1144138982053846,-0.1466252416139468,-2.058591735723894,-0.0517394545022398,-0.0517394545022398,-2.058591735723894,3,Done,anthracene_a=5.9_b=7.2_theta=65.0_Rt=2.3_A2=1.0_cx=0.0_cy=0.9_cz=11.4.log
0.0,1.0,11.2,5.9,7.2,65.0,2.3,1.0,-5.622938896995038,-0.8755973334191367,-0.1301618891302496,-0.1667934131110087,-2.1680420299526304,-0.0571511007146909,-0.0571511007146909,-2.1680420299526304,3,Done,anthracene_a=5.9_b=7.2_theta=65.0_Rt=2.3_A2=1.0_cx=0.0_cy=1.0_cz=11.2.log
0.0,1.0,11.3,5.9,7.2,65.0,2.3,1.0,-5.612719269585796,-0.9590511434944348,-0.1199723818572238,-0.1566654016496613,-2.1346007670508698,-0.0539144042413681,-0.0539144042413681,-2.1346007670508698,3,Done,anthracene_a=5.9_b=7.2_theta=65.0_Rt=2.3_A2=1.0_cx=0.0_cy=1.0_cz=11.3.log
0.0,1.0,11.4,5.9,7.2,65.0,2.3,1.0,-5.51609653478954,-0.9806475276127458,-0.1104907058179378,-0.147137289866805,-2.0880432901903987,-0.0508672155556269,-0.0508672155556269,-2.0880432901903987,3,Done,anthracene_a=5.9_b=7.2_theta=65.0_Rt=2.3_A2=1.0_cx=0.0_cy=1.0_cz=11.4.log
0.0,0.9,11.2,6.0,7.2,65.0,2.2,2.0,-5.333770994329825,-0.747797391959466,-0.1337926621781662,-0.1516679120250046,-2.088731668598484,-0.0615248454851098,-0.0615248454851098,-2.088731668598484,3,Done,anthracene_a=6.0_b=7.2_theta=65.0_Rt=2.2_A2=2.0_cx=0.0_cy=0.9_cz=11.2.log
0.0,0.9,11.3,6.0,7.2,65.0,2.2,2.0,-5.290659801801667,-0.8743824741104618,-0.1233847811818122,-0.1426267479546368,-2.017179213289637,-0.0579536859877407,-0.0579536859877407,-2.017179213289637,3,Done,anthracene_a=6.0_b=7.2_theta=65.0_Rt=2.2_A2=2.0_cx=0.0_cy=0.9_cz=11.3.log
0.0,0.9,11.4,6.0,7.2,65.0,2.2,2.0,-5.165095051168464,-0.9281299606664106,-0.1137098321923986,-0.1340850818669423,-1.9399823055719023,-0.0546027826494537,-0.0546027826494537,-1.9399823055719023,3,Done,anthracene_a=6.0_b=7.2_theta=65.0_Rt=2.2_A2=2.0_cx=0.0_cy=0.9_cz=11.4.log
0.0,1.0,11.2,6.0,7.2,65.0,2.2,2.0,-5.523020479711704,-0.8516189213842154,-0.1293862868333235,-0.1521674097748473,-2.134598256961908,-0.0603256738977506,-0.0603256738977506,-2.134598256961908,3,Done,anthracene_a=6.0_b=7.2_theta=65.0_Rt=2.2_A2=2.0_cx=0.0_cy=1.0_cz=11.2.log
0.0,1.0,11.4,6.0,7.2,65.0,2.2,2.0,-5.331013715011068,-0.9708320162026212,-0.109845625469461,-0.1347389470320195,-2.004152733192313,-0.0536458299611695,-0.0536458299611695,-2.004152733192313,3,Done,anthracene_a=6.0_b=7.2_theta=65.0_Rt=2.2_A2=2.0_cx=0.0_cy=1.0_cz=11.4.log
0.0,1.1,11.2,6.0,7.2,65.0,2.2,2.0,-5.627969017834403,-0.9493987847818062,-0.1249284559162333,-0.152405863860622,-2.141497729404364,-0.0591202272335067,-0.0591202272335067,-2.141497729404364,3,Done,anthracene_a=6.0_b=7.2_theta=65.0_Rt=2.2_A2=2.0_cx=0.0_cy=1.1_cz=11.2.log
0.0,1.1,11.3,6.0,7.2,65.0,2.2,2.0,-5.572748764709104,-1.0067180580226704,-0.1150960017112083,-0.1435441676294431,-2.097895824466832,-0.0557994442060589,-0.0557994442060589,-2.097895824466832,3,Done,anthracene_a=6.0_b=7.2_theta=65.0_Rt=2.2_A2=2.0_cx=0.0_cy=1.1_cz=11.3.log
0.0,1.1,11.4,6.0,7.2,65.0,2.2,2.0,-5.43928805552423,-1.0082843229174614,-0.1059525534510612,-0.1351719291415065,-2.042263298062608,-0.0526763269444927,-0.0526763269444927,-2.042263298062608,3,Done,anthracene_a=6.0_b=7.2_theta=65.0_Rt=2.2_A2=2.0_cx=0.0_cy=1.1_cz=11.4.log
0.0,1.0,11.2,5.9,7.3,65.0,2.2,3.0,-5.532188401091844,-0.8641013503074646,-0.145869719563052,-0.1538001910084858,-2.123743588977959,-0.0604649811284616,-0.0604649811284616,-2.123743588977959,3,Done,anthracene_a=5.9_b=7.3_theta=65.0_Rt=2.2_A2=3.0_cx=0.0_cy=1.0_cz=11.2.log
0.0,1.0,11.3,5.9,7.3,65.0,2.2,3.0,-5.453108335495926,-0.952215049532242,-0.1337135959183797,-0.1446711756289005,-2.054243091319222,-0.05701116588898,-0.05701116588898,-2.054243091319222,3,Done,anthracene_a=5.9_b=7.3_theta=65.0_Rt=2.2_A2=3.0_cx=0.0_cy=1.0_cz=11.3.log
0.0,1.0,11.4,5.9,7.3,65.0,2.2,3.0,-5.299060905701481,-0.9768536019837484,-0.1226807150524109,-0.1360604832880199,-1.977965485828463,-0.0537675668601878,-0.0537675668601878,-1.977965485828463,3,Done,anthracene_a=5.9_b=7.3_theta=65.0_Rt=2.2_A2=3.0_cx=0.0_cy=1.0_cz=11.4.log
0.0,1.1,11.2,5.9,7.3,65.0,2.2,3.0,-5.696017456706613,-0.9533483325503768,-0.1409814168000593,-0.1541227311827242,-2.1645367590826936,-0.0592457290040329,-0.0592457290040329,-2.1645367590826936,3,Done,anthracene_a=5.9_b=7.3_theta=65.0_Rt=2.2_A2=3.0_cx=0.0_cy=1.1_cz=11.2.log
0.0,1.1,11.4,5.9,7.3,65.0,2.2,3.0,-5.451567171257921,-1.0104253871832043,-0.1184111369075253,-0.1365650012157857,-2.0402935441816226,-0.05278927879408,-0.05278927879408,-2.0402935441816226,3,Done,anthracene_a=5.9_b=7.3_theta=65.0_Rt=2.2_A2=3.0_cx=0.0_cy=1.1_cz=11.4.log
0.0,1.2,11.2,5.9,7.3,65.0,2.2,3.0,-5.768059369525872,-1.035411580349319,-0.1360441679134965,-0.1541992872953415,-2.1631738072028384,-0.0580283597810193,-0.0580283597810193,-2.1631738072028384,3,Done,anthracene_a=5.9_b=7.3_theta=65.0_Rt=2.2_A2=3.0_cx=0.0_cy=1.2_cz=11.2.log
0.0,1.2,11.3,5.9,7.3,65.0,2.2,3.0,-5.692977798287757,-1.0608646409818905,-0.1245557148940861,-0.1452848801854998,-2.126312614942435,-0.0548236661707051,-0.0548236661707051,-2.126312614942435,3,Done,anthracene_a=5.9_b=7.3_theta=65.0_Rt=2.2_A2=3.0_cx=0.0_cy=1.2_cz=11.3.log
0.0,1.2,11.4,5.9,7.3,65.0,2.2,3.0,-5.542138199554756,-1.0379642910556868,-0.1141340289032086,-0.1368662061868235,-2.0747852587373927,-0.0518015779671259,-0.0518015779671259,-2.0747852587373927,3,Done,anthracene_a=5.9_b=7.3_theta=65.0_Rt=2.2_A2=3.0_cx=0.0_cy=1.2_cz=11.4.log
0.0,1.1,11.1,5.9,7.3,65.0,2.1,4.0,-5.637911285855807,-0.8699735889676958,-0.1631852304562926,-0.1570017469348386,-2.1571013930952176,-0.0667739666532725,-0.0667739666532725,-2.1571013930952176,3,Done,anthracene_a=5.9_b=7.3_theta=65.0_Rt=2.1_A2=4.0_cx=0.0_cy=1.1_cz=11.1.log
0.0,1.1,11.2,5.9,7.3,65.0,2.1,4.0,-5.596976298606023,-0.9870418545324356,-0.1492733338382095,-0.1479166572680696,-2.093389675254002,-0.062982551229652,-0.062982551229652,-2.093389675254002,3,Done,anthracene_a=5.9_b=7.3_theta=65.0_Rt=2.1_A2=4.0_cx=0.0_cy=1.1_cz=11.2.log
0.0,1.1,11.3,5.9,7.3,65.0,2.1,4.0,-5.46810707973782,-1.0326204156735912,-0.1364394993288442,-0.1393323204247281,-2.020443520275876,-0.0594139018794521,-0.0594139018794521,-2.020443520275876,3,Done,anthracene_a=5.9_b=7.3_theta=65.0_Rt=2.1_A2=4.0_cx=0.0_cy=1.1_cz=11.3.log
0.0,1.2,11.1,5.9,7.3,65.0,2.1,4.0,-5.7882225210778415,-0.9786495357984676,-0.1576367871602997,-0.1570983835263177,-2.182140924560372,-0.0652779827360063,-0.0652779827360063,-2.182140924560372,3,Done,anthracene_a=5.9_b=7.3_theta=65.0_Rt=2.1_A2=4.0_cx=0.0_cy=1.2_cz=11.1.log
0.0,1.2,11.3,5.9,7.3,65.0,2.1,4.0,-5.611191909993067,-1.0760905436472967,-0.1316654032561928,-0.1396636455319821,-2.073685861250852,-0.0582002975279465,-0.0582002975279465,-2.073685861250852,3,Done,anthracene_a=5.9_b=7.3_theta=65.0_Rt=2.1_A2=4.0_cx=0.0_cy=1.2_cz=11.3.log
0.0,1.3,11.1,5.9,7.3,65.0,2.1,4.0,-5.83073004882317,-1.0777295996667815,-0.1520431630779057,-0.156951546203345,-2.15821271337336,-0.0637901565642096,-0.0637901565642096,-2.15821271337336,3,Done,anthracene_a=5.9_b=7.3_theta=65.0_Rt=2.1_A2=4.0_cx=0.0_cy=1.3_cz=11.1.log
0.0,1.3,11.2,5.9,7.3,65.0,2.1,4.0,-5.801144206547178,-1.1214444562792778,-0.1389558144146576,-0.1481275005498901,-2.136016429401934,-0.0602917882497422,-0.0602917882497422,-2.136016429401934,3,Done,anthracene_a=5.9_b=7.3_theta=65.0_Rt=2.1_A2=4.0_cx=0.0_cy=1.3_cz=11.2.log
0.0,1.3,11.3,5.9,7.3,65.0,2.1,4.0,-5.682039043633267,-1.1121673485031351,-0.1268775018397718,-0.1397878925781697,-2.094613319670316,-0.0569898306857794,-0.0569898306857794,-2.094613319670316,3,Done,anthracene_a=5.9_b=7.3_theta=65.0_Rt=2.1_A2=4.0_cx=0.0_cy=1.3_cz=11.3.log
0.0,1.2,11.1,5.9,7.3,65.0,2.1,5.0,-5.850795308011584,-1.0426141399657354,-0.1667331720236688,-0.150720371864736,-2.179901968862396,-0.065461843216326,-0.065461843216326,-2.179901968862396,3,Done,anthracene_a=5.9_b=7.3_theta=65.0_Rt=2.1_A2=5.0_cx=0.0_cy=1.2_cz=11.1.log
0.0,1.2,11.2,5.9,7.3,65.0,2.1,5.0,-5.76977623719722,-1.101966546033509,-0.152230160892941,-0.1422088262625038,-2.124901344883256,-0.0617840071208775,-0.0617840071208775,-2.124901344883256,3,Done,anthracene_a=5.9_b=7.3_theta=65.0_Rt=2.1_A2=5.0_cx=0.0_cy=1.2_cz=11.2.log
0.0,1.2,11.3,5.9,7.3,65.0,2.1,5.0,-5.608285283436999,-1.1038026402238756,-0.1389219288248568,-0.1341578729916364,-2.0573731111944653,-0.0583283095038495,-0.0583283095038495,-2.0573731111944653,3,Done,anthracene_a=5.9_b=7.3_theta=65.0_Rt=2.1_A2=5.0_cx=0.0_cy=1.2_cz=11.3.log
0.0,1.3,11.1,5.9,7.3,65.0,2.1,5.0,-5.936018696171232,-1.1249246267834678,-0.1609048591926694,-0.1507467272458598,-2.18573718436528,-0.0639840571093373,-0.0639840571093373,-2.18573718436528,3,Done,anthracene_a=5.9_b=7.3_theta=65.0_Rt=2.1_A2=5.0_cx=0.0_cy=1.3_cz=11.1.log
0.0,1.3,11.3,5.9,7.3,65.0,2.1,5.0,-5.713821170269512,-1.131625178619288,-0.1339307143352925,-0.1344214271521195,-2.0997971797478385,-0.0571247453335672,-0.0571247453335672,-2.0997971797478385,3,Done,anthracene_a=5.9_b=7.3_theta=65.0_Rt=2.1_A2=5.0_cx=0.0_cy=1.3_cz=11.3.log
0.0,1.4,11.1,5.9,7.3,65.0,2.1,5.0,-5.898033006233163,-1.197171108215116,-0.1550476808333769,-0.1505685143638402,-2.1351059126318432,-0.0625169387785717,-0.0625169387785717,-2.1351059126318432,3,Done,anthracene_a=5.9_b=7.3_theta=65.0_Rt=2.1_A2=5.0_cx=0.0_cy=1.4_cz=11.1.log
0.0,1.4,11.2,5.9,7.3,65.0,2.1,5.0,-5.863178590778261,-1.1955182467354462,-0.1414219288853928,-0.1423217779956758,-2.132835581433028,-0.0591227371478453,-0.0591227371478453,-2.132835581433028,3,Done,anthracene_a=5.9_b=7.3_theta=65.0_Rt=2.1_A2=5.0_cx=0.0_cy=1.4_cz=11.2.log
0.0,1.4,11.3,5.9,7.3,65.0,2.1,5.0,-5.737145717488602,-1.1517331091454253,-0.1289432647172361,-0.1344992384547367,-2.105058223765809,-0.0559268288197927,-0.0559268288197927,-2.105058223765809,3,Done,anthracene_a=5.9_b=7.3_theta=65.0_Rt=2.1_A2=5.0_cx=0.0_cy=1.4_cz=11.3.log
0.0,1.3,11.0,5.9,7.4,65.0,2.0,6.0,-5.9656271286075935,-1.1248154401546344,-0.1871046567102894,-0.1531601307215169,-2.1792637914186344,-0.071009659091942,-0.071009659091942,-2.1792637914186344,3,Done,anthracene_a=5.9_b=7.4_theta=65.0_Rt=2.0_A2=6.0_cx=0.0_cy=1.3_cz=11.0.log
0.0,1.3,11.1,5.9,7.4,65.0,2.0,6.0,-5.894295556587167,-1.1906261787516996,-0.1701505914097651,-0.1447464767843485,-2.127292158082128,-0.0670939967385493,-0.0670939967385493,-2.127292158082128,3,Done,anthracene_a=5.9_b=7.4_theta=65.0_Rt=2.0_A2=6.0_cx=0.0_cy=1.3_cz=11.1.log
0.0,1.3,11.2,5.9,7.4,65.0,2.0,6.0,-5.735697424039245,-1.1954404356656596,-0.1547728314762935,-0.1367670594481751,-2.060966861085035,-0.0633916876395233,-0.0633916876395233,-2.060966861085035,3,Done,anthracene_a=5.9_b=7.4_theta=65.0_Rt=2.0_A2=6.0_cx=0.0_cy=1.3_cz=11.2.log
0.0,1.4,11.0,5.9,7.4,65.0,2.0,6.0,-6.059815123793669,-1.214844299829565,-0.1804907012265175,-0.1530258435523137,-2.1864839212503284,-0.0692432183423079,-0.0692432183423079,-2.1864839212503284,3,Done,anthracene_a=5.9_b=7.4_theta=65.0_Rt=2.0_A2=6.0_cx=0.0_cy=1.4_cz=11.0.log
0.0,1.4,11.2,5.9,7.4,65.0,2.0,6.0,-5.848002888611518,-1.2257943492149934,-0.1491453218040987,-0.1368963266722858,-2.106148208549712,-0.061935236910358,-0.061935236910358,-2.106148208549712,3,Done,anthracene_a=5.9_b=7.4_theta=65.0_Rt=2.0_A2=6.0_cx=0.0_cy=1.4_cz=11.2.log
0.0,1.5,11.0,5.9,7.4,65.0,2.0,6.0,-6.033340476918966,-1.2921409814152869,-0.1738554105395451,-0.152683223132044,-2.139841730473563,-0.0674887004424817,-0.0674887004424817,-2.139841730473563,3,Done,anthracene_a=5.9_b=7.4_theta=65.0_Rt=2.0_A2=6.0_cx=0.0_cy=1.5_cz=11.0.log
0.0,1.5,11.1,5.9,7.4,65.0,2.0,6.0,-6.006403982755728,-1.2912662326125428,-0.1579517970094457,-0.1445607338100671,-2.1424189140088856,-0.0638936956529505,-0.0638936956529505,-2.1424189140088856,3,Done,anthracene_a=5.9_b=7.4_theta=65.0_Rt=2.0_A2=6.0_cx=0.0_cy=1.5_cz=11.1.log
0.0,1.5,11.2,5.9,7.4,65.0,2.0,6.0,-5.881838228087872,-1.247312922263518,-0.1435303622856736,-0.1368247902719304,-2.1165981326485053,-0.0604869439848698,-0.0604869439848698,-2.1165981326485053,3,Done,anthracene_a=5.9_b=7.4_theta=65.0_Rt=2.0_A2=6.0_cx=0.0_cy=1.5_cz=11.2.log
0.0,1.3,10.9,5.9,7.4,65.0,2.0,7.0,-6.02753977465909,-1.1213001288706437,-0.2172113314736634,-0.1553990864194929,-2.1914889410254546,-0.0753256729221902,-0.0753256729221902,-2.1914889410254546,3,Done,anthracene_a=5.9_b=7.4_theta=65.0_Rt=2.0_A2=7.0_cx=0.0_cy=1.3_cz=10.9.log
0.0,1.3,11.0,5.9,7.4,65.0,2.0,7.0,-6.025820397189818,-1.2305684452876449,-0.1976832203799858,-0.14698292221874,-2.1541445659240708,-0.071148338727653,-0.071148338727653,-2.1541445659240708,3,Done,anthracene_a=5.9_b=7.4_theta=65.0_Rt=2.0_A2=7.0_cx=0.0_cy=1.3_cz=11.0.log
0.0,1.3,11.1,5.9,7.4,65.0,2.0,7.0,-5.91125840623863,-1.2618786841630936,-0.179617207380943,-0.1389884446980431,-2.098184479167685,-0.0672025558305904,-0.0672025558305904,-2.098184479167685,3,Done,anthracene_a=5.9_b=7.4_theta=65.0_Rt=2.0_A2=7.0_cx=0.0_cy=1.3_cz=11.1.log
0.0,1.4,10.9,5.9,7.4,65.0,2.0,7.0,-6.1271017662948,-1.2319815977243709,-0.2097176072420552,-0.1553288053255528,-2.1916320133022964,-0.0734048646991141,-0.0734048646991141,-2.1916320133022964,3,Done,anthracene_a=5.9_b=7.4_theta=65.0_Rt=2.0_A2=7.0_cx=0.0_cy=1.4_cz=10.9.log
0.0,1.4,11.1,5.9,7.4,65.0,2.0,7.0,-6.031504382845014,-1.300695197773166,-0.1732818662421777,-0.1391465774504467,-2.143577924987767,-0.0656124457018449,-0.0656124457018449,-2.143577924987767,3,Done,anthracene_a=5.9_b=7.4_theta=65.0_Rt=2.0_A2=7.0_cx=0.0_cy=1.4_cz=11.1.log
0.0,1.5,10.9,5.9,7.4,65.0,2.0,7.0,-6.103113314136863,-1.3273317423881963,-0.2021561115980148,-0.1550514459377154,-2.1377904003020376,-0.0714966068044304,-0.0714966068044304,-2.1377904003020376,3,Done,anthracene_a=5.9_b=7.4_theta=65.0_Rt=2.0_A2=7.0_cx=0.0_cy=1.5_cz=10.9.log
0.0,1.5,11.0,5.9,7.4,65.0,2.0,7.0,-6.150107538211159,-1.3556688389508054,-0.1838516448624432,-0.1468850307865068,-2.164192883530632,-0.0676581282750703,-0.0676581282750703,-2.164192883530632,3,Done,anthracene_a=5.9_b=7.4_theta=65.0_Rt=2.0_A2=7.0_cx=0.0_cy=1.5_cz=11.0.log
0.0,1.5,11.1,5.9,7.4,65.0,2.0,7.0,-6.0750937378034,-1.3306575453607363,-0.1669251901330426,-0.1390976316761225,-2.1551749373902567,-0.0640317479264922,-0.0640317479264922,-2.1551749373902567,3,Done,anthracene_a=5.9_b=7.4_theta=65.0_Rt=2.0_A2=7.0_cx=0.0_cy=1.5_cz=11.1.log
0.0,1.4,10.8,5.9,7.5,65.0,2.0,8.0,-6.125180330709554,-1.2250225119059903,-0.2432391912443563,-0.1575276002986356,-2.172945393016562,-0.076750120613724,-0.076750120613724,-2.172945393016562,3,Done,anthracene_a=5.9_b=7.5_theta=65.0_Rt=2.0_A2=8.0_cx=0.0_cy=1.4_cz=10.8.log
0.0,1.4,10.9,5.9,7.5,65.0,2.0,8.0,-6.2000987499486655,-1.3436507675796747,-0.2210416523739695,-0.1492068177321925,-2.170522577012889,-0.0725771791185252,-0.0725771791185252,-2.170522577012889,3,Done,anthracene_a=5.9_b=7.5_theta=65.0_Rt=2.0_A2=8.0_cx=0.0_cy=1.4_cz=10.9.log
0.0,1.4,11.0,5.9,7.5,65.0,2.0,8.0,-6.136237057042308,-1.375504430034198,-0.2008559107780456,-0.1412537560099735,-2.1406807113671675,-0.0686307687428779,-0.0686307687428779,-2.1406807113671675,3,Done,anthracene_a=5.9_b=7.5_theta=65.0_Rt=2.0_A2=8.0_cx=0.0_cy=1.4_cz=11.0.log
0.0,1.5,10.8,5.9,7.5,65.0,2.0,8.0,-6.154518933151849,-1.3520054356195033,-0.2346761898370459,-0.1572916564764455,-2.130582192912698,-0.0746906326967291,-0.0746906326967291,-2.130582192912698,3,Done,anthracene_a=5.9_b=7.5_theta=65.0_Rt=2.0_A2=8.0_cx=0.0_cy=1.5_cz=10.8.log
0.0,1.5,11.0,5.9,7.5,65.0,2.0,8.0,-6.212956429691985,-1.415617379359901,-0.1936307606520131,-0.141222380567342,-2.164329680672381,-0.0669132738839834,-0.0669132738839834,-2.164329680672381,3,Done,anthracene_a=5.9_b=7.5_theta=65.0_Rt=2.0_A2=8.0_cx=0.0_cy=1.5_cz=11.0.log
0.0,1.6,10.8,5.9,7.5,65.0,2.0,8.0,-6.026947405189276,-1.4541364532196894,-0.2260680075269192,-0.1568185139913112,-2.022312872461044,-0.0726493427646346,-0.0726493427646346,-2.022312872461044,3,Done,anthracene_a=5.9_b=7.5_theta=65.0_Rt=2.0_A2=8.0_cx=0.0_cy=1.6_cz=10.8.log
0.0,1.6,10.9,5.9,7.5,65.0,2.0,8.0,-6.188130878959782,-1.4764092931291088,-0.2052873864304274,-0.1487211249768734,-2.110023082816042,-0.0688334543956443,-0.0688334543956443,-2.110023082816042,3,Done,anthracene_a=5.9_b=7.5_theta=65.0_Rt=2.0_A2=8.0_cx=0.0_cy=1.6_cz=10.9.log
0.0,1.6,11.0,5.9,7.5,65.0,2.0,8.0,-6.19546270580031,-1.4431299275020135,-0.1864181606797501,-0.140981416683644,-2.147253878705669,-0.0652127217617817,-0.0652127217617817,-2.147253878705669,3,Done,anthracene_a=5.9_b=7.5_theta=65.0_Rt=2.0_A2=8.0_cx=0.0_cy=1.6_cz=11.0.log
0.0,1.4,10.7,5.9,7.5,65.0,1.9,9.0,-6.00452647334896,-1.112271515186876,-0.2813202631659806,-0.1596209736308083,-2.139682970475405,-0.0859738902072422,-0.0859738902072422,-2.139682970475405,3,Done,anthracene_a=5.9_b=7.5_theta=65.0_Rt=1.9_A2=9.0_cx=0.0_cy=1.4_cz=10.7.log
0.0,1.4,10.8,5.9,7.5,65.0,1.9,9.0,-6.159833943005651,-1.3250225054798648,-0.255958818946965,-0.1512437151977792,-2.132524963992182,-0.0812794876983389,-0.0812794876983389,-2.132524963992182,3,Done,anthracene_a=5.9_b=7.5_theta=65.0_Rt=1.9_A2=9.0_cx=0.0_cy=1.4_cz=10.8.log
0.0,1.4,10.9,5.9,7.5,65.0,1.9,9.0,-6.144758642767556,-1.4161934334551916,-0.2324522943235933,-0.1432442177319899,-2.0995951216318645,-0.0768392269965261,-0.0768392269965261,-2.0995951216318645,3,Done,anthracene_a=5.9_b=7.5_theta=65.0_Rt=1.9_A2=9.0_cx=0.0_cy=1.4_cz=10.9.log
0.0,1.5,10.7,5.9,7.5,65.0,1.9,9.0,-6.136235801735893,-1.3104354080278426,-0.271570012671873,-0.1594176604412496,-2.11386846419191,-0.0835378961055539,-0.0835378961055539,-2.11386846419191,3,Done,anthracene_a=5.9_b=7.5_theta=65.0_Rt=1.9_A2=9.0_cx=0.0_cy=1.5_cz=10.7.log
0.0,1.5,10.9,5.9,7.5,65.0,1.9,9.0,-6.268629116588272,-1.4838151659350842,-0.224304704577662,-0.1432429627748206,-2.133837087196298,-0.0747960544540546,-0.0747960544540546,-2.133837087196298,3,Done,anthracene_a=5.9_b=7.5_theta=65.0_Rt=1.9_A2=9.0_cx=0.0_cy=1.5_cz=10.9.log
0.0,1.6,10.7,5.9,7.5,65.0,1.9,9.0,-6.115406235330738,-1.4650312818121165,-0.261744461255148,-0.1589708734536543,-2.0337065716739744,-0.0811232377309352,-0.0811232377309352,-2.0337065716739744,3,Done,anthracene_a=5.9_b=7.5_theta=65.0_Rt=1.9_A2=9.0_cx=0.0_cy=1.6_cz=10.7.log
0.0,1.6,10.8,5.9,7.5,65.0,1.9,9.0,-6.294163753744215,-1.535544580547139,-0.238071018946357,-0.1508207734441384,-2.1080232084495947,-0.0768404819536954,-0.0768404819536954,-2.1080232084495947,3,Done,anthracene_a=5.9_b=7.5_theta=65.0_Rt=1.9_A2=9.0_cx=0.0_cy=1.6_cz=10.8.log
0.0,1.6,10.9,5.9,7.5,65.0,1.9,9.0,-6.304813853581436,-1.5293472917983308,-0.2161018938058987,-0.1430208241799846,-2.135391429590527,-0.0727804923080839,-0.0727804923080839,-2.135391429590527,3,Done,anthracene_a=5.9_b=7.5_theta=65.0_Rt=1.9_A2=9.0_cx=0.0_cy=1.6_cz=10.9.log
0.0,1.4,10.7,5.9,7.6,65.0,1.9,10.0,-5.939181346213445,-1.1357830597553402,-0.295056456932798,-0.1532065664650872,-2.092742084816564,-0.0848255467135459,-0.0848255467135459,-2.092742084816564,3,Done,anthracene_a=5.9_b=7.6_theta=65.0_Rt=1.9_A2=10.0_cx=0.0_cy=1.4_cz=10.7.log
0.0,1.4,10.8,5.9,7.6,65.0,1.9,10.0,-6.050254382309504,-1.3390774745494127,-0.2683985772309825,-0.1451556131942197,-2.068596755270846,-0.0802146033965982,-0.0802146033965982,-2.068596755270846,3,Done,anthracene_a=5.9_b=7.6_theta=65.0_Rt=1.9_A2=10.0_cx=0.0_cy=1.4_cz=10.8.log
0.0,1.4,10.9,5.9,7.6,65.0,1.9,10.0,-6.001446654438041,-1.4206500095315278,-0.2437537495279684,-0.1374912060564384,-2.023931220988743,-0.0758446236723102,-0.0758446236723102,-2.023931220988743,3,Done,anthracene_a=5.9_b=7.6_theta=65.0_Rt=1.9_A2=10.0_cx=0.0_cy=1.4_cz=10.9.log
0.0,1.5,10.7,5.9,7.6,65.0,1.9,10.0,-6.146219486370683,-1.3515962989768011,-0.284954801085405,-0.1531463254941627,-2.0958281792118214,-0.0824328511953353,-0.0824328511953353,-2.0958281792118214,3,Done,anthracene_a=5.9_b=7.6_theta=65.0_Rt=1.9_A2=10.0_cx=0.0_cy=1.5_cz=10.7.log
0.0,1.5,10.9,5.9,7.6,65.0,1.9,10.0,-6.168447145493701,-1.4975111994426695,-0.2353400953579694,-0.137612943071872,-2.075156117090956,-0.0738353367196396,-0.0738353367196396,-2.075156117090956,3,Done,anthracene_a=5.9_b=7.6_theta=65.0_Rt=1.9_A2=10.0_cx=0.0_cy=1.5_cz=10.9.log
0.0,1.6,10.7,5.9,7.6,65.0,1.9,10.0,-6.221560846548528,-1.515218276414089,-0.2747376832412556,-0.152851395891048,-2.0593158822739497,-0.0800608632271178,-0.0800608632271178,-2.0593158822739497,3,Done,anthracene_a=5.9_b=7.6_theta=65.0_Rt=1.9_A2=10.0_cx=0.0_cy=1.6_cz=10.7.log
0.0,1.6,10.8,5.9,7.6,65.0,1.9,10.0,-6.314457427011803,-1.5679567269980907,-0.2498180059483274,-0.1450112857855856,-2.099988570436836,-0.0758471337030641,-0.0758471337030641,-2.099988570436836,3,Done,anthracene_a=5.9_b=7.6_theta=65.0_Rt=1.9_A2=10.0_cx=0.0_cy=1.6_cz=10.8.log
0.0,1.6,10.9,5.9,7.6,65.0,1.9,10.0,-6.259855899901595,-1.5457278128014875,-0.2268492576549761,-0.1375326217385009,-2.1030238362727687,-0.0718492675805464,-0.0718492675805464,-2.1030238362727687,3,Done,anthracene_a=5.9_b=7.6_theta=65.0_Rt=1.9_A2=10.0_cx=0.0_cy=1.6_cz=10.9.log
0.0,0.9,11.2,5.9,7.2,65.0,2.3,0.0,-5.558339252718724,-0.824584535555914,-0.1270469296723604,-0.1734249385772273,-2.1586588729405776,-0.0579825515160337,-0.0579825515160337,-2.1586588729405776,3,Done,anthracene_a=5.9_b=7.2_theta=65.0_Rt=2.3_A2=0.0_cx=0.0_cy=0.9_cz=11.2.log
0.0,1.0,11.2,5.9,7.2,65.0,2.3,0.0,-5.572381671518087,-0.9320230328012258,-0.1227359358454123,-0.1734450189396739,-2.1152144731022418,-0.0568743688636459,-0.0568743688636459,-2.1152144731022418,3,Done,anthracene_a=5.9_b=7.2_theta=65.0_Rt=2.3_A2=0.0_cx=0.0_cy=1.0_cz=11.2.log
0.0,1.1,11.2,5.9,7.2,65.0,2.3,0.0,-5.413848800119013,-1.0287373838946223,-0.1183935668086633,-0.1731965250801295,-1.990992593462579,-0.0557680687052197,-0.0557680687052197,-1.990992593462579,3,Done,anthracene_a=5.9_b=7.2_theta=65.0_Rt=2.3_A2=0.0_cx=0.0_cy=1.1_cz=11.2.log
0.0,1.1,11.3,5.9,7.2,65.0,2.3,0.0,-5.454151257290505,-1.0581061070552096,-0.1092068202560767,-0.1627359334379434,-2.009375498862937,-0.0526756994077004,-0.0526756994077004,-2.009375498862937,3,Done,anthracene_a=5.9_b=7.2_theta=65.0_Rt=2.3_A2=0.0_cx=0.0_cy=1.1_cz=11.3.log
0.0,1.1,11.4,5.9,7.2,65.0,2.3,0.0,-5.405746390577406,-1.038664592197165,-0.1007203749613836,-0.1528652010019868,-2.0069903333787806,-0.0497577778296545,-0.0497577778296545,-2.0069903333787806,3,Done,anthracene_a=5.9_b=7.2_theta=65.0_Rt=2.3_A2=0.0_cx=0.0_cy=1.1_cz=11.4.log
0.0,1.0,11.1,6.0,7.2,65.0,2.2,2.0,-5.472379167564213,-0.672142276307568,-0.1402999408310279,-0.1616252404637634,-2.185163012763951,-0.0639928422169759,-0.0639928422169759,-2.185163012763951,3,Done,anthracene_a=6.0_b=7.2_theta=65.0_Rt=2.2_A2=2.0_cx=0.0_cy=1.0_cz=11.1.log
0.0,1.1,11.1,6.0,7.2,65.0,2.2,2.0,-5.579759933869354,-0.8175350880483165,-0.135529609862715,-0.1617582726757973,-2.1698128631687723,-0.0626556184724904,-0.0626556184724904,-2.1698128631687723,3,Done,anthracene_a=6.0_b=7.2_theta=65.0_Rt=2.2_A2=2.0_cx=0.0_cy=1.1_cz=11.1.log
0.0,1.2,11.1,6.0,7.2,65.0,2.2,2.0,-5.53688092099037,-0.950422881054692,-0.1307241382310167,-0.1616227305494249,-2.085745348536875,-0.0613102370407432,-0.0613102370407432,-2.085745348536875,3,Done,anthracene_a=6.0_b=7.2_theta=65.0_Rt=2.2_A2=2.0_cx=0.0_cy=1.2_cz=11.1.log
0.0,1.2,11.2,6.0,7.2,65.0,2.2,2.0,-5.6086417097831145,-1.037689441582188,-0.1204492895631119,-0.1524020987562835,-2.0911356593715027,-0.0579147805692628,-0.0579147805692628,-2.0911356593715027,3,Done,anthracene_a=6.0_b=7.2_theta=65.0_Rt=2.2_A2=2.0_cx=0.0_cy=1.2_cz=11.2.log
0.0,1.2,11.3,6.0,7.2,65.0,2.2,2.0,-5.574864101596177,-1.061955253360793,-0.1109186676330864,-0.1436646495712921,-2.0744420109549537,-0.0547207545605488,-0.0547207545605488,-2.0744420109549537,3,Done,anthracene_a=6.0_b=7.2_theta=65.0_Rt=2.2_A2=2.0_cx=0.0_cy=1.2_cz=11.3.log
0.0,0.9,11.1,5.9,7.2,65.0,2.3,1.0,-5.429005676414818,-0.5465310895815492,-0.1459186653373763,-0.1774585728999227,-2.2177157214609906,-0.061832952836994,-0.061832952836994,-2.2177157214609906,3,Done,anthracene_a=5.9_b=7.2_theta=65.0_Rt=2.3_A2=1.0_cx=0.0_cy=0.9_cz=11.1.log
0.0,1.0,11.1,5.9,7.2,65.0,2.3,1.0,-5.51741681585554,-0.7077409186167642,-0.1411232339451089,-0.1775112837785855,-2.184914518846199,-0.0606061709113419,-0.0606061709113419,-2.184914518846199,3,Done,anthracene_a=5.9_b=7.2_theta=65.0_Rt=2.3_A2=1.0_cx=0.0_cy=1.0_cz=11.1.log
0.0,1.1,11.1,5.9,7.2,65.0,2.3,1.0,-5.43475994374603,-0.8570807684445754,-0.1362725817598402,-0.1772866352694109,-2.0726912579266354,-0.0593687212094664,-0.0593687212094664,-2.0726912579266354,3,Done,anthracene_a=5.9_b=7.2_theta=65.0_Rt=2.3_A2=1.0_cx=0.0_cy=1.1_cz=11.1.log
0.0,1.1,11.2,5.9,7.2,65.0,2.3,1.0,-5.569438649457879,-0.9761319656390696,-0.1256387971807271,-0.1667519974289462,-2.094407496508211,-0.0560504480963572,-0.0560504480963572,-2.094407496508211,3,Done,anthracene_a=5.9_b=7.2_theta=65.0_Rt=2.3_A2=1.0_cx=0.0_cy=1.1_cz=11.2.log
0.0,1.1,11.3,5.9,7.2,65.0,2.3,1.0,-5.586395224556327,-1.0240912997396665,-0.115744219510816,-0.1568059637211263,-2.091951422393322,-0.0529254483990371,-0.0529254483990371,-2.091951422393322,3,Done,anthracene_a=5.9_b=7.2_theta=65.0_Rt=2.3_A2=1.0_cx=0.0_cy=1.1_cz=11.3.log
0.0,1.1,11.1,5.9,7.3,65.0,2.2,3.0,-5.682203451404348,-0.822159837000072,-0.1538968274835497,-0.1636608829721808,-2.208459949004464,-0.0627830029698088,-0.0627830029698088,-2.208459949004464,3,Done,anthracene_a=5.9_b=7.3_theta=65.0_Rt=2.2_A2=3.0_cx=0.0_cy=1.1_cz=11.1.log
0.0,1.2,11.1,5.9,7.3,65.0,2.2,3.0,-5.743263939511962,-0.9461282023694366,-0.1485805627889931,-0.1636044071055948,-2.181045919598546,-0.0614294640254229,-0.0614294640254229,-2.181045919598546,3,Done,anthracene_a=5.9_b=7.3_theta=65.0_Rt=2.2_A2=3.0_cx=0.0_cy=1.2_cz=11.1.log
0.0,1.3,11.1,5.9,7.3,65.0,2.2,3.0,-5.642766958335415,-1.0573254846967757,-0.1432404527440667,-0.1632906520972028,-2.079383024596609,-0.0600721598020754,-0.0600721598020754,-2.079383024596609,3,Done,anthracene_a=5.9_b=7.3_theta=65.0_Rt=2.2_A2=3.0_cx=0.0_cy=1.3_cz=11.1.log
0.0,1.3,11.2,5.9,7.3,65.0,2.2,3.0,-5.706504403962754,-1.1071673488477245,-0.1310931141488254,-0.1540273495484143,-2.1003004428348504,-0.0568078528740443,-0.0568078528740443,-2.1003004428348504,3,Done,anthracene_a=5.9_b=7.3_theta=65.0_Rt=2.2_A2=3.0_cx=0.0_cy=1.3_cz=11.2.log
0.0,1.3,11.3,5.9,7.3,65.0,2.2,3.0,-5.663656765944324,-1.1029605217045173,-0.1199635968077927,-0.1452572698472067,-2.0940165576757863,-0.0537211311166174,-0.0537211311166174,-2.0940165576757863,3,Done,anthracene_a=5.9_b=7.3_theta=65.0_Rt=2.2_A2=3.0_cx=0.0_cy=1.3_cz=11.3.log
0.0,1.2,11.0,5.9,7.3,65.0,2.1,4.0,-5.714102294761688,-0.8134085824713111,-0.1722715753130614,-0.1665562142152339,-2.211789517023135,-0.0691434443579055,-0.0691434443579055,-2.211789517023135,3,Done,anthracene_a=5.9_b=7.3_theta=65.0_Rt=2.1_A2=4.0_cx=0.0_cy=1.2_cz=11.0.log
0.0,1.3,11.0,5.9,7.3,65.0,2.1,4.0,-5.739180104574189,-0.9623581210616976,-0.1662324190838262,-0.1662587744649499,-2.1546660267049447,-0.0674993682769127,-0.0674993682769127,-2.1546660267049447,3,Done,anthracene_a=5.9_b=7.3_theta=65.0_Rt=2.1_A2=4.0_cx=0.0_cy=1.3_cz=11.0.log
0.0,1.4,11.0,5.9,7.3,65.0,2.1,4.0,-5.577697936212644,-1.0943912451621145,-0.1601731824921444,-0.1657166058430448,-2.012839981645812,-0.0658684697118587,-0.0658684697118587,-2.012839981645812,3,Done,anthracene_a=5.9_b=7.3_theta=65.0_Rt=2.1_A2=4.0_cx=0.0_cy=1.4_cz=11.0.log
0.0,1.4,11.1,5.9,7.3,65.0,2.1,4.0,-5.719603047473356,-1.1638365217950195,-0.1464558138977736,-0.1565712750889361,-2.064060485397931,-0.0623092329478822,-0.0623092329478822,-2.064060485397931,3,Done,anthracene_a=5.9_b=7.3_theta=65.0_Rt=2.1_A2=4.0_cx=0.0_cy=1.4_cz=11.1.log
0.0,1.4,11.2,5.9,7.3,65.0,2.1,4.0,-5.731540798093192,-1.173692193930037,-0.1337901521474123,-0.1479078721022233,-2.079122607945465,-0.0589526820112951,-0.0589526820112951,-2.079122607945465,3,Done,anthracene_a=5.9_b=7.3_theta=65.0_Rt=2.1_A2=4.0_cx=0.0_cy=1.4_cz=11.2.log
0.0,1.2,11.0,5.9,7.3,65.0,2.1,5.0,-5.821122870780528,-0.9042268497869372,-0.1827560124220326,-0.1597176103387028,-2.2178481262526475,-0.0693630728637799,-0.0693630728637799,-2.2178481262526475,3,Done,anthracene_a=5.9_b=7.3_theta=65.0_Rt=2.1_A2=5.0_cx=0.0_cy=1.2_cz=11.0.log
0.0,1.3,11.0,5.9,7.3,65.0,2.1,5.0,-5.891616089036688,-1.0295895426534116,-0.1764671071432531,-0.1596034035319462,-2.195249608485028,-0.0677284093690104,-0.0677284093690104,-2.195249608485028,3,Done,anthracene_a=5.9_b=7.3_theta=65.0_Rt=2.1_A2=5.0_cx=0.0_cy=1.3_cz=11.0.log
0.0,1.4,11.0,5.9,7.3,65.0,2.1,5.0,-5.810260672238655,-1.1422313527436927,-0.170125491102226,-0.1592570178909227,-2.103217109339312,-0.0661062959115952,-0.0661062959115952,-2.103217109339312,3,Done,anthracene_a=5.9_b=7.3_theta=65.0_Rt=2.1_A2=5.0_cx=0.0_cy=1.4_cz=11.0.log
0.0,1.3,10.9,5.9,7.4,65.0,2.0,6.0,-5.914323165197857,-0.9730119860032572,-0.2055421555414796,-0.1620281019713729,-2.2117135882144794,-0.075156872626394,-0.075156872626394,-2.2117135882144794,3,Done,anthracene_a=5.9_b=7.4_theta=65.0_Rt=2.0_A2=6.0_cx=0.0_cy=1.3_cz=10.9.log
0.0,1.4,10.9,5.9,7.4,65.0,2.0,6.0,-5.996464224997908,-1.1118899892317131,-0.1983534009195864,-0.1617344274418428,-2.189028474444058,-0.0732147292583249,-0.0732147292583249,-2.189028474444058,3,Done,anthracene_a=5.9_b=7.4_theta=65.0_Rt=2.0_A2=6.0_cx=0.0_cy=1.4_cz=10.9.log
0.0,1.5,10.9,5.9,7.4,65.0,2.0,6.0,-5.927927582641132,-1.2338816981064156,-0.1911207207012921,-0.1612248892197385,-2.099557471112348,-0.0712926661944948,-0.0712926661944948,-2.099557471112348,3,Done,anthracene_a=5.9_b=7.4_theta=65.0_Rt=2.0_A2=6.0_cx=0.0_cy=1.5_cz=10.9.log
0.0,1.6,10.9,5.9,7.4,65.0,2.0,7.0,-5.911383908940479,-1.4059436852112412,-0.1946096762549132,-0.154554457985796,-2.0085289879352786,-0.0696090568089857,-0.0696090568089857,-2.0085289879352786,3,Done,anthracene_a=5.9_b=7.4_theta=65.0_Rt=2.0_A2=7.0_cx=0.0_cy=1.6_cz=10.9.log
0.0,1.6,11.0,5.9,7.4,65.0,2.0,7.0,-6.028941632248461,-1.3997514164075255,-0.1769465247634798,-0.1465122896479442,-2.086927577387541,-0.0659381233272142,-0.0659381233272142,-2.086927577387541,3,Done,anthracene_a=5.9_b=7.4_theta=65.0_Rt=2.0_A2=7.0_cx=0.0_cy=1.6_cz=11.0.log
0.0,1.6,11.1,5.9,7.4,65.0,2.0,7.0,-6.009823912521824,-1.350358849274926,-0.1605998893501237,-0.1388365876628086,-2.117551320290658,-0.0624629728263244,-0.0624629728263244,-2.117551320290658,3,Done,anthracene_a=5.9_b=7.4_theta=65.0_Rt=2.0_A2=7.0_cx=0.0_cy=1.6_cz=11.1.log
0.0,1.6,10.8,5.9,7.7,65.0,1.8,11.0,-6.178996842936613,-1.5313565785763783,-0.2615160475252196,-0.1394628424895927,-2.0443754966254346,-0.0789551905472762,-0.0789551905472762,-2.0443754966254346,3,Done,anthracene_a=5.9_b=7.7_theta=65.0_Rt=1.8_A2=11.0_cx=0.0_cy=1.6_cz=10.8.log
0.0,1.5,10.7,5.9,7.7,65.0,1.8,11.0,-5.981156745692715,-1.2871811424847692,-0.2984111254336312,-0.1471347797196358,-2.0383545382064767,-0.0858603108208626,-0.0858603108208626,-2.0383545382064767,3,Done,anthracene_a=5.9_b=7.7_theta=65.0_Rt=1.8_A2=11.0_cx=0.0_cy=1.5_cz=10.7.log
0.0,1.5,10.8,5.9,7.7,65.0,1.8,11.0,-5.98936583136674,-1.414363614283502,-0.271150836138986,-0.1395004930673167,-2.0008915636572056,-0.0812838802812621,-0.0812838802812621,-2.0008915636572056,3,Done,anthracene_a=5.9_b=7.7_theta=65.0_Rt=1.8_A2=11.0_cx=0.0_cy=1.5_cz=10.8.log
0.0,1.5,10.9,5.9,7.7,65.0,1.8,11.0,-5.869329443550669,-1.4448756604688242,-0.2462261387845501,-0.1322263971669599,-1.9460572298266925,-0.0769433937384747,-0.0769433937384747,-1.9460572298266925,3,Done,anthracene_a=5.9_b=7.7_theta=65.0_Rt=1.8_A2=11.0_cx=0.0_cy=1.5_cz=10.9.log
0.0,1.6,10.7,5.9,7.7,65.0,1.8,11.0,-6.19837435206864,-1.4778262105537578,-0.2878764875931665,-0.146990452427417,-2.0595166854327545,-0.0833239153143949,-0.0833239153143949,-2.0595166854327545,3,Done,anthracene_a=5.9_b=7.7_theta=65.0_Rt=1.8_A2=11.0_cx=0.0_cy=1.6_cz=10.7.log
0.0,1.6,10.9,5.9,7.7,65.0,1.8,11.0,-6.041732795652933,-1.511316419346258,-0.2374711195006966,-0.1322866381378844,-2.005514429765753,-0.0748148795682936,-0.0748148795682936,-2.005514429765753,3,Done,anthracene_a=5.9_b=7.7_theta=65.0_Rt=1.8_A2=11.0_cx=0.0_cy=1.6_cz=10.9.log
0.0,1.7,10.7,5.9,7.7,65.0,1.8,11.0,-6.298315359978005,-1.6122451277915388,-0.2772878839168697,-0.1466352818533778,-2.050254637841136,-0.0808188953669741,-0.0808188953669741,-2.050254637841136,3,Done,anthracene_a=5.9_b=7.7_theta=65.0_Rt=1.8_A2=11.0_cx=0.0_cy=1.7_cz=10.7.log
0.0,1.7,10.8,5.9,7.7,65.0,1.8,11.0,-6.280003362917341,-1.606539806816727,-0.2518574135610834,-0.1392281536245718,-2.0645311179105192,-0.0766578765469603,-0.0766578765469603,-2.0645311179105192,3,Done,anthracene_a=5.9_b=7.7_theta=65.0_Rt=1.8_A2=11.0_cx=0.0_cy=1.7_cz=10.8.log
0.0,1.7,10.9,5.9,7.7,65.0,1.8,11.0,-6.148366825305857,-1.5475325315492228,-0.2287048045545816,-0.1321699213003739,-2.047277102828957,-0.072702681121882,-0.072702681121882,-2.047277102828957,3,Done,anthracene_a=5.9_b=7.7_theta=65.0_Rt=1.8_A2=11.0_cx=0.0_cy=1.7_cz=10.9.log
0.0,1.5,11.0,5.9,7.5,65.0,1.9,9.0,-6.134486304479651,-1.4549208404496312,-0.2034224268281832,-0.1356940175173804,-2.09944702940993,-0.070777480432298,-0.070777480432298,-2.09944702940993,3,Done,anthracene_a=5.9_b=7.5_theta=65.0_Rt=1.9_A2=9.0_cx=0.0_cy=1.5_cz=11.0.log
0.0,1.6,11.0,5.9,7.5,65.0,1.9,9.0,-6.195361049380153,-1.4726116026286036,-0.1959249372594058,-0.135584830539301,-2.1266872383421287,-0.0689326011342927,-0.0689326011342927,-2.1266872383421287,3,Done,anthracene_a=5.9_b=7.5_theta=65.0_Rt=1.9_A2=9.0_cx=0.0_cy=1.6_cz=11.0.log
0.0,1.7,10.8,5.9,7.5,65.0,1.9,9.0,-6.158442126121372,-1.5969389039091766,-0.2291164511116221,-0.150267309625633,-2.016401101020165,-0.0746586297173053,-0.0746586297173053,-2.016401101020165,3,Done,anthracene_a=5.9_b=7.5_theta=65.0_Rt=1.9_A2=9.0_cx=0.0_cy=1.7_cz=10.8.log
0.0,1.7,10.9,5.9,7.5,65.0,1.9,9.0,-6.230174049036577,-1.5558319786796346,-0.2079266934888437,-0.1426003925735131,-2.091126874263864,-0.0707806178834289,-0.0707806178834289,-2.091126874263864,3,Done,anthracene_a=5.9_b=7.5_theta=65.0_Rt=1.9_A2=9.0_cx=0.0_cy=1.7_cz=10.9.log
0.0,1.7,11.0,5.9,7.5,65.0,1.9,9.0,-6.1711391631979495,-1.4774785700719804,-0.1884776485385373,-0.1352986861020326,-2.117836209887173,-0.0671059193555265,-0.0671059193555265,-2.117836209887173,3,Done,anthracene_a=5.9_b=7.5_theta=65.0_Rt=1.9_A2=9.0_cx=0.0_cy=1.7_cz=11.0.log
0.0,1.7,10.7,5.9,7.6,65.0,1.9,10.0,-6.142081685480662,-1.6302006989717484,-0.2645180553663522,-0.1523355826502666,-1.969793423195369,-0.0777202510507777,-0.0777202510507777,-1.969793423195369,3,Done,anthracene_a=5.9_b=7.6_theta=65.0_Rt=1.9_A2=10.0_cx=0.0_cy=1.7_cz=10.7.log
0.0,1.7,10.8,5.9,7.6,65.0,1.9,10.0,-6.279660742613487,-1.627430869732052,-0.2405007375637069,-0.1446234845789149,-2.0598498933250085,-0.073702932044398,-0.073702932044398,-2.0598498933250085,3,Done,anthracene_a=5.9_b=7.6_theta=65.0_Rt=1.9_A2=10.0_cx=0.0_cy=1.7_cz=10.8.log
0.0,1.7,10.9,5.9,7.6,65.0,1.9,10.0,-6.263971737702377,-1.5696208833251148,-0.2183659499278292,-0.1372690674616024,-2.099472129775677,-0.0698857887182384,-0.0698857887182384,-2.099472129775677,3,Done,anthracene_a=5.9_b=7.6_theta=65.0_Rt=1.9_A2=10.0_cx=0.0_cy=1.7_cz=10.9.log
0.0,1.7,10.9,5.9,7.7,65.0,1.8,12.0,-5.990066132624634,-1.4855571339139717,-0.2390285991132259,-0.1272941684583202,-1.9963872968801293,-0.0727058186894282,-0.0727058186894282,-1.9963872968801293,3,Done,anthracene_a=5.9_b=7.7_theta=65.0_Rt=1.8_A2=12.0_cx=0.0_cy=1.7_cz=10.9.log
0.0,1.6,10.8,5.9,7.7,65.0,1.8,12.0,-5.974884155672044,-1.4238653706852349,-0.2732793499017134,-0.1341754432069137,-1.99282994272653,-0.0789520532125607,-0.0789520532125607,-1.99282994272653,3,Done,anthracene_a=5.9_b=7.7_theta=65.0_Rt=1.8_A2=12.0_cx=0.0_cy=1.6_cz=10.8.log
0.0,1.6,10.9,5.9,7.7,65.0,1.8,12.0,-5.854414785979316,-1.424780280329287,-0.2480270926607772,-0.1272828732617199,-1.952373118023388,-0.0747891518403776,-0.0747891518403776,-1.952373118023388,3,Done,anthracene_a=5.9_b=7.7_theta=65.0_Rt=1.8_A2=12.0_cx=0.0_cy=1.6_cz=10.9.log
0.0,1.6,11.0,5.9,7.7,65.0,1.8,12.0,-5.655745119671337,-1.3791954438202083,-0.2246899956371635,-0.1207304138224572,-1.894723774283193,-0.070840858912561,-0.070840858912561,-1.894723774283193,3,Done,anthracene_a=5.9_b=7.7_theta=65.0_Rt=1.8_A2=12.0_cx=0.0_cy=1.6_cz=11.0.log
0.0,1.7,10.8,5.9,7.7,65.0,1.8,12.0,-6.1122674302896485,-1.528567924280651,-0.2633634369121864,-0.1340800616890192,-2.016445654153358,-0.0766823495505377,-0.0766823495505377,-2.016445654153358,3,Done,anthracene_a=5.9_b=7.7_theta=65.0_Rt=1.8_A2=12.0_cx=0.0_cy=1.7_cz=10.8.log
0.0,1.7,11.0,5.9,7.7,65.0,1.8,12.0,-5.792724277940579,-1.410789317335002,-0.2165624862536788,-0.1208421107148751,-1.9533382283407263,-0.0689269534777849,-0.0689269534777849,-1.9533382283407263,3,Done,anthracene_a=5.9_b=7.7_theta=65.0_Rt=1.8_A2=12.0_cx=0.0_cy=1.7_cz=11.0.log
0.0,1.8,10.8,5.9,7.7,65.0,1.8,12.0,-6.1552606504410505,-1.5913528099190444,-0.2534901944454759,-0.1338177626021206,-2.013857175363228,-0.074442766373977,-0.074442766373977,-2.013857175363228,3,Done,anthracene_a=5.9_b=7.7_theta=65.0_Rt=1.8_A2=12.0_cx=0.0_cy=1.8_cz=10.8.log
0.0,1.8,10.9,5.9,7.7,65.0,1.8,12.0,-6.054961962043308,-1.515820686123334,-0.2300790515728294,-0.1271498412825167,-2.020309860643465,-0.0706463308888487,-0.0706463308888487,-2.020309860643465,3,Done,anthracene_a=5.9_b=7.7_theta=65.0_Rt=1.8_A2=12.0_cx=0.0_cy=1.8_cz=10.9.log
0.0,1.8,11.0,5.9,7.7,65.0,1.8,12.0,-5.876914784195833,-1.420298603712581,-0.208482667338103,-0.1208044601371511,-1.9966207305551509,-0.0670437959488481,-0.0670437959488481,-1.9966207305551509,3,Done,anthracene_a=5.9_b=7.7_theta=65.0_Rt=1.8_A2=12.0_cx=0.0_cy=1.8_cz=11.0.log
0.0,1.8,10.9,5.9,7.8,65.0,1.8,13.0,-5.86388767673634,-1.4454115540720522,-0.2402145930100232,-0.122605413896963,-1.9582277863519264,-0.0696002715267241,-0.0696002715267241,-1.9582277863519264,3,Done,anthracene_a=5.9_b=7.8_theta=65.0_Rt=1.8_A2=13.0_cx=0.0_cy=1.8_cz=10.9.log
0.0,1.7,10.8,5.9,7.8,65.0,1.8,13.0,-5.869280497776344,-1.4032617073971778,-0.2749811570392921,-0.1291553631890565,-1.955417169025168,-0.0755239660502411,-0.0755239660502411,-1.955417169025168,3,Done,anthracene_a=5.9_b=7.8_theta=65.0_Rt=1.8_A2=13.0_cx=0.0_cy=1.7_cz=10.8.log
0.0,1.7,10.9,5.9,7.8,65.0,1.8,13.0,-5.749336981680244,-1.3893360055517403,-0.2493574136169627,-0.1226317691616714,-1.922385042766109,-0.0716208539088256,-0.0716208539088256,-1.922385042766109,3,Done,anthracene_a=5.9_b=7.8_theta=65.0_Rt=1.8_A2=13.0_cx=0.0_cy=1.7_cz=10.9.log
0.0,1.7,11.0,5.9,7.8,65.0,1.8,13.0,-5.558531270478852,-1.3389795830007645,-0.225823278655298,-0.1164244402898475,-1.8707384595181795,-0.0679135247482918,-0.0679135247482918,-1.8707384595181795,3,Done,anthracene_a=5.9_b=7.8_theta=65.0_Rt=1.8_A2=13.0_cx=0.0_cy=1.7_cz=11.0.log
0.0,1.8,10.8,5.9,7.8,65.0,1.8,13.0,-5.977208452648483,-1.4984662695787847,-0.2648807561490685,-0.1290210760198533,-1.9690912394435145,-0.0733289360068738,-0.0733289360068738,-1.9690912394435145,3,Done,anthracene_a=5.9_b=7.8_theta=65.0_Rt=1.8_A2=13.0_cx=0.0_cy=1.8_cz=10.8.log
0.0,1.8,11.0,5.9,7.8,65.0,1.8,13.0,-5.679882919415832,-1.3682253140723333,-0.2175903475144878,-0.1164834263036027,-1.922732683073264,-0.0660592326894402,-0.0660592326894402,-1.922732683073264,3,Done,anthracene_a=5.9_b=7.8_theta=65.0_Rt=1.8_A2=13.0_cx=0.0_cy=1.8_cz=11.0.log
0.0,1.9,10.8,5.9,7.8,65.0,1.8,13.0,-5.991801825584844,-1.55264673801139,-0.2548820117954165,-0.1287349315825849,-1.9565987704554573,-0.0711703016422689,-0.0711703016422689,-1.9565987704554573,3,Done,anthracene_a=5.9_b=7.8_theta=65.0_Rt=1.8_A2=13.0_cx=0.0_cy=1.9_cz=10.8.log
0.0,1.9,10.9,5.9,7.8,65.0,1.8,13.0,-5.9081710579339415,-1.4710779682500288,-0.231183469062671,-0.1224196708062663,-1.9741257522255184,-0.0676192226819694,-0.0676192226819694,-1.9741257522255184,3,Done,anthracene_a=5.9_b=7.8_theta=65.0_Rt=1.8_A2=13.0_cx=0.0_cy=1.9_cz=10.9.log
0.0,1.9,11.0,5.9,7.8,65.0,1.8,13.0,-5.748299079597928,-1.3751580445095897,-0.2094590729102492,-0.116374239558354,-1.959413152653724,-0.0642407086561434,-0.0642407086561434,-1.959413152653724,3,Done,anthracene_a=5.9_b=7.8_theta=65.0_Rt=1.8_A2=13.0_cx=0.0_cy=1.9_cz=11.0.log
0.0,1.6,10.6,5.9,7.7,65.0,1.8,11.0,-6.052381641115062,-1.316109353560023,-0.3168197588529438,-0.1548882932402193,-2.044356671511196,-0.0879254462197423,-0.0879254462197423,-2.044356671511196,3,Done,anthracene_a=5.9_b=7.7_theta=65.0_Rt=1.8_A2=11.0_cx=0.0_cy=1.6_cz=10.6.log
0.0,1.7,10.6,5.9,7.7,65.0,1.8,11.0,-6.156712708179839,-1.5355872511863708,-0.3052070587873459,-0.1544038554420694,-1.9955508260754868,-0.0852064453065395,-0.0852064453065395,-1.9955508260754868,3,Done,anthracene_a=5.9_b=7.7_theta=65.0_Rt=1.8_A2=11.0_cx=0.0_cy=1.7_cz=10.6.log
0.0,1.8,10.6,5.9,7.7,65.0,1.8,11.0,-6.089353274554014,-1.687455966253765,-0.2936370292445645,-0.1537085744785145,-1.894742599572055,-0.0825332527165301,-0.0825332527165301,-1.894742599572055,3,Done,anthracene_a=5.9_b=7.7_theta=65.0_Rt=1.8_A2=11.0_cx=0.0_cy=1.8_cz=10.6.log
0.0,1.8,10.7,5.9,7.7,65.0,1.8,11.0,-6.26901440799702,-1.696406768984161,-0.2667545010335743,-0.1460868380963802,-2.0015197011525743,-0.0783634487888775,-0.0783634487888775,-2.0015197011525743,3,Done,anthracene_a=5.9_b=7.7_theta=65.0_Rt=1.8_A2=11.0_cx=0.0_cy=1.8_cz=10.7.log
0.0,1.8,10.8,5.9,7.7,65.0,1.8,11.0,-6.284289256087504,-1.6456223847344518,-0.2422891409369185,-0.1388177621411159,-2.0543792610405944,-0.0744007230969145,-0.0744007230969145,-2.0543792610405944,3,Done,anthracene_a=5.9_b=7.7_theta=65.0_Rt=1.8_A2=11.0_cx=0.0_cy=1.8_cz=10.8.log
0.0,1.7,10.7,5.9,7.7,65.0,1.8,12.0,-6.125767680350691,-1.5184988987166437,-0.2902196098584682,-0.1412098304135725,-2.007051201944705,-0.0808684687362983,-0.0808684687362983,-2.007051201944705,3,Done,anthracene_a=5.9_b=7.7_theta=65.0_Rt=1.8_A2=12.0_cx=0.0_cy=1.7_cz=10.7.log
0.0,1.8,10.7,5.9,7.7,65.0,1.8,12.0,-6.145113813574426,-1.630924845347181,-0.2793410966405645,-0.1408132440410554,-1.9685823288164104,-0.0784349849564023,-0.0784349849564023,-1.9685823288164104,3,Done,anthracene_a=5.9_b=7.7_theta=65.0_Rt=1.8_A2=12.0_cx=0.0_cy=1.8_cz=10.7.log
0.0,1.9,10.7,5.9,7.7,65.0,1.8,12.0,-6.02662110037636,-1.6942732350435108,-0.2685931052546948,-0.1402447199216112,-1.8857108482043257,-0.0760441718739457,-0.0760441718739457,-1.8857108482043257,3,Done,anthracene_a=5.9_b=7.7_theta=65.0_Rt=1.8_A2=12.0_cx=0.0_cy=1.9_cz=10.7.log
0.0,1.9,10.8,5.9,7.7,65.0,1.8,12.0,-6.095925814588554,-1.618904263828881,-0.243755004601553,-0.1333860356826335,-1.9776975390850569,-0.0722427161526866,-0.0722427161526866,-1.9776975390850569,3,Done,anthracene_a=5.9_b=7.7_theta=65.0_Rt=1.8_A2=12.0_cx=0.0_cy=1.9_cz=10.8.log
0.0,1.9,10.9,5.9,7.7,65.0,1.8,12.0,-6.043548809713684,-1.5212699830299243,-0.2212738312082365,-0.1268473814707249,-2.018454313511029,-0.0686244934913702,-0.0686244934913702,-2.018454313511029,3,Done,anthracene_a=5.9_b=7.7_theta=65.0_Rt=1.8_A2=12.0_cx=0.0_cy=1.9_cz=10.9.log
0.0,1.8,10.7,5.9,7.8,65.0,1.8,13.0,-5.991363823530264,-1.5121999534312636,-0.2920996299944818,-0.13576680852565914,-1.948397214699071,-0.07725150109035894,-0.07725150109035894,-1.948397214699071,3,Done,anthracene_a=5.9_b=7.8_theta=65.0_Rt=1.8_A2=13.0_cx=0.0_cy=1.8_cz=10.7.log
0.0,1.9,10.7,5.9,7.8,65.0,1.8,13.0,-5.969744848785922,-1.6085315234959126,-0.2810378837166354,-0.1353526519378647,-1.897505526081659,-0.0749058687360957,-0.0749058687360957,-1.897505526081659,3,Done,anthracene_a=5.9_b=7.8_theta=65.0_Rt=1.8_A2=13.0_cx=0.0_cy=1.9_cz=10.7.log
0.0,2.0,10.7,5.9,7.8,65.0,1.8,13.0,-5.81455535069108,-1.6582227853359657,-0.270188235794194,-0.1347715776646509,-1.8030815863749008,-0.0726047895732335,-0.0726047895732335,-1.8030815863749008,3,Done,anthracene_a=5.9_b=7.8_theta=65.0_Rt=1.8_A2=13.0_cx=0.0_cy=2.0_cz=10.7.log
0.0,2.0,10.8,5.9,7.8,65.0,1.8,13.0,-5.9070503247203305,-1.5726944274501875,-0.2450865807477384,-0.1282856344478204,-1.9114381306571888,-0.0690537103801034,-0.0690537103801034,-1.9114381306571888,3,Done,anthracene_a=5.9_b=7.8_theta=65.0_Rt=1.8_A2=13.0_cx=0.0_cy=2.0_cz=10.8.log
0.0,2.0,10.9,5.9,7.8,65.0,1.8,13.0,-5.878447163966484,-1.4722451367415488,-0.2223456182982772,-0.122067010262981,-1.9652201302233152,-0.0656745691085234,-0.0656745691085234,-1.9652201302233152,3,Done,anthracene_a=5.9_b=7.8_theta=65.0_Rt=1.8_A2=13.0_cx=0.0_cy=2.0_cz=10.9.log
